"Distrito","Ingresos_Total","Gastos_Total","Personal_Limpieza","Residuos_Solidos","Personal_Vigilancia"
"CHACHAPOYAS",31477166.86,29581273.12,24,26000,8
"ASUNCION",1265551.6,976582.75,0,25,0
"BALSAS",1376502.78,1303334.7,1,10,0
"CHETO",2083770.19,2132187.2,0,140,0
"CHILIQUIN",1347598.51,1380533.45,0,500,0
"CHUQUIBAMBA",4520721.99,7363332.9,0,292,0
"GRANADA",1552396.64,1366421.08,0,400,0
"HUANCAS",1207288.29,985610.43,0,450,0
"LA JALCA",2690909.32,2914129.12,0,2800,0
"LEIMEBAMBA",3917539.77,7036000.82,0,1500,0
"LEVANTO",1551129.19,1576354.1,0,1000,0
"MAGDALENA",826320.1,1330932.9,0,230,0
"MARISCAL CASTILLA",2926378.5,2907461.07,1,120,0
"MOLINOPAMPA",6166995.3,7087542.7,0,600,0
"MONTEVIDEO",1265823.27,1782608.69,1,1500,0
"OLLEROS",932980.7,1012067.17,0,96,0
"QUINJALCA",2558414.37,2373531.1,0,13798.4666666667,0
"SAN FRANCISCO DE DAGUAS",1020618.85,527272.16,0,400,0
"SAN ISIDRO DE MAINO",7479327.78,7433945.34,0,230,0
"SOLOCO",978915.46,639362.41,1,75,0
"SONCHE",2014789.12,1297553.21,0,300,0
"BAGUA",32315207.08,31841783.04,17,1981,15
"ARAMANGO",8126313,7860632.36,1,1200,0
"COPALLIN",3127957.41,2240450.1,0,1400,1
"EL PARCO",6537269.92,5213409.52,1,500,0
"IMAZA",12077541.75,12125874.21,0,2600,0
"LA PECA",4608508.69,4715843.68,6,1800,2
"JUMBILLA",7573531.95,8761446.31,0,2560,0
"CHISQUILLA",2344843.36,2083982.34,0,500,0
"CHURUJA",756603.36,727017.06,0,250,0
"COROSHA",1961781.13,1539891.61,0,600,0
"CUISPES",901689.39,898005.5,0,270,0
"FLORIDA",12519748.51,11162654.03,0,1247,0
"JAZAN",5193462.75,4080136.31,7,4100,5
"RECTA",1413215.77,1308876.4,0,44,0
"SAN CARLOS",2636448.86,4912706.54,1,300,0
"SHIPASBAMBA",3909029.12,3241162.45,0,643,0
"VALERA",1061424.94,963300.86,0,350,0
"YAMBRASBAMBA",4972787.48,3983021.99,0,800,0
"NIEVA",33031309.2,32133660.62,20,4500,0
"EL CENEPA",9845890.63,8274214.83,2,13798.4666666667,0
"RIO SANTIAGO",13577972.64,11304341.09,10,1000,4
"LAMUD",29507823.62,32012218.34,0,2000,0
"CAMPORREDONDO",10640722.51,9294845.58,2,15000,0
"COCABAMBA",2099451.01,1979194.37,0,300,0
"COLCAMAR",1200854.35,956229.23,0,800,0
"CONILA",1361044.71,1370113.28,1,1500,0
"INGUILPATA",1670319.5,1029612.23,0,198,0
"LONGUITA",6924471.14,6835800.6,0,30,0
"LONYA CHICO",2570592.85,2497007.57,0,900,0
"LUYA",2492333.37,2358248.45,0,1036,0
"LUYA VIEJO",1354920.21,1653450.54,0,52,0
"MARIA",4212195.95,4218284.4,0,50,0
"OCALLI",3259852.8,2884671.42,0,250,0
"OCUMAL",7745810.49,6749415.1,0,500,0
"PISUQUIA",14443473.22,14474591.68,0,13798.4666666667,0
"PROVIDENCIA",1544527.5,1607399.18,0,20,0
"SAN CRISTOBAL",1843986.15,1550859.81,0,800,0
"SAN FRANCISCO DEL YESO",926584.92,885254.75,0,245,0
"SAN JERONIMO",1672038.57,1712171.66,0,1200,0
"SAN JUAN DE LOPECANCHA",1276913.7,1398074.19,0,15,0
"SANTA CATALINA",3024151.54,4910773.47,0,60,0
"SANTO TOMAS",2675009.49,2655706.36,0,50,0
"TINGO",1370513.04,829081.96,1,800,0
"TRITA",1665783.14,1638759.15,0,484,0
"SAN NICOLAS",10717632.27,11803551.74,6,5000,0
"CHIRIMOTO",1673379.62,1769368.13,0,100,0
"COCHAMAL",997764.38,1102997.58,1,350,0
"HUAMBO",12184196.52,11656751.07,0,1800,0
"LIMABAMBA",8323204.69,7870484.26,0,500,0
"LONGAR",799479.4,812373.22,0,700,0
"MARISCAL BENAVIDES",869961.39,898435.42,0,857,0
"MILPUC",762738.95,735010.36,3,300,0
"OMIA",7030920.95,6113582.77,0,1400,0
"SANTA ROSA",2095104.83,1824529.76,0,500,0
"TOTORA",1039540.54,2517967.29,1,80,0
"VISTA ALEGRE",6878796.42,4684654.02,0,40,0
"BAGUA GRANDE",67888992.71,63770896.52,17,30558,0
"CAJARURO",19448849.44,14740410.24,1,1200,0
"CUMBA",6684256.81,7244917.9,0,6027,0
"EL MILAGRO",7617212.07,7440771.01,0,3600,0
"JAMALCA",17160690.04,9679745.25,1,1120,0
"LONYA GRANDE",12605455.07,9555211.24,0,7150,0
"YAMON",3235017.23,2594606.31,0,14,0
"HUARAZ",97036398.85,63312650.72,126,53705,16
"COCHABAMBA",7019187.45,6970582.72,2,1000,0
"COLCABAMBA",5643918.04,5358293.08,0,700,0
"HUANCHAY",3897739.79,3497117.53,0,200,0
"INDEPENDENCIA",68992278.39,39772530.07,50,65946,7
"JANGAS",9169202.32,4758180.18,3,1829,0
"LA LIBERTAD",6352307.33,10757324.69,0,120,0
"OLLEROS",3703004.41,2158493.02,0,600,0
"PAMPAS GRANDE",4783733.89,4572270.75,0,1000,0
"PARIACOTO",11596178.08,9955179.76,6,1000,0
"PIRA",12288072.6,11480611.95,0,500,0
"TARICA",10725916.76,5527954.19,0,400,0
"AIJA",27295411.23,27034317.89,0,1500,0
"CORIS",10482500.81,8342608.65,2,170,1
"HUACLLAN",1552143.48,1145384.93,3,119,2
"LA MERCED",6591221.55,5632630.98,0,1200,0
"SUCCHA",3097686.21,2271811.6,0,100,0
"LLAMELLIN",26360466.67,22693849.6,1,2500,0
"ACZO",1795530.85,1533851.44,1,400,1
"CHACCHO",4854800.65,4206047.15,0,180,0
"CHINGAS",8682689.23,7562358.1,1,3800,0
"MIRGAS",11969777.34,10958155.72,0,251,0
"SAN JUAN DE RONTOY",2156804.86,1694676.4,0,500,0
"CHACAS",13009725.69,12231869.77,7,800,6
"ACOCHACA",2595609.47,2242336.41,0,500,0
"CHIQUIAN",18841939.44,19668341.11,0,2000,0
"ABELARDO PARDO LEZAMETA",1098115.34,670660.15,0,364,0
"ANTONIO RAYMONDI",2570065.59,2131271.13,0,650,0
"AQUIA",5217288.4,4042911.03,0,630,0
"CAJACAY",2994468.29,1883480.07,1,500,0
"CANIS",1217038.02,837886.52,0,500,0
"COLQUIOC",8132914.31,6945457.82,0,3000,0
"HUALLANCA",9785469.08,7639721.21,0,2900,0
"HUASTA",4996152.6,4359793.36,0,143,0
"HUAYLLACAYAN",2877425.09,2241702.39,1,100,0
"LA PRIMAVERA",5485286.1,2558422.17,0,60,0
"MANGAS",5042999.86,4343753.53,0,192,0
"PACLLON",3702108.76,1551432.8,0,400,0
"SAN MIGUEL DE CORPANQUI",4605453.33,3882260.66,0,125,0
"TICLLOS",2636273.88,2286415.51,0,71,0
"CARHUAZ",40505472.37,28174323.88,40,7806,9
"ACOPAMPA",6426804.22,5861398.96,1,1500,0
"AMASHCA",3000768.79,1857686.56,0,300,0
"ANTA",3152206.28,2883263,0,2000,0
"ATAQUERO",2414014.54,2169644.25,0,930,0
"MARCARA",13395959.68,7942025.98,0,3600,0
"PARIAHUANCA",1882143.9,1617960.32,0,2600,0
"SAN MIGUEL DE ACO",4549038.14,3899579.11,1,1000,0
"SHILLA",2464306.16,1542734.67,0,590,0
"TINCO",4069954.22,2231905.23,1,200,0
"YUNGAR",3842767.73,2633946.97,1,7500,0
"SAN LUIS",25267982.67,20907588.95,0,2000,0
"SAN NICOLAS",7038545.89,4842362.28,0,250,0
"YAUYA",10533245.19,6344173.25,0,100,0
"CASMA",56530655.82,45672014.37,49,35000,0
"BUENA VISTA ALTA",11777457.35,9249781.98,1,2000,2
"COMANDANTE NOEL",9614757.56,8424356.95,3,1157,1
"YAUTAN",25086357.27,20407395.89,1,3500,0
"CORONGO",10289915.09,6807471.06,3,3000,0
"ACO",1229573.09,1290066.53,0,20,0
"BAMBAS",1618339.26,871661.07,1,244,0
"CUSCA",6423317.01,3170125.01,0,10,0
"LA PAMPA",4157632.68,3543377.03,4,1800,0
"YANAC",3229941.3,3074335.14,2,500,0
"YUPAN",1423594.82,1247443.55,1,80,0
"HUARI",106680520.39,63114754.52,0,9181,0
"ANRA",15133933.28,9549322.24,4,400,4
"CAJAY",41623877.58,23098734.49,0,125,0
"CHAVIN DE HUANTAR",104603249.36,49748892.09,0,3200,0
"HUACACHI",37212221.14,18495322.32,0,5500,0
"HUACCHIS",9949033.21,8070064.98,0,2000,0
"HUACHIS",35802387.29,17265305.12,0,800,0
"HUANTAR",20069715.95,16586149.58,0,300,0
"MASIN",13596881.88,7826726.56,0,100,0
"PAUCAS",10458707.81,5996085.39,0,1300,0
"PONTO",57501349.78,13175325.18,0,540,0
"RAHUAPAMPA",7428545.75,2921013.56,0,500,0
"RAPAYAN",13102298.69,9185534.03,0,500,0
"SAN MARCOS",861832296.65,285987261.18,11,1604,0
"SAN PEDRO DE CHANA",33032600.85,17666535.31,0,120,0
"UCO",14632633.69,4794157.76,2,350,0
"HUARMEY",55724834.26,41549783.6,25,25479,0
"COCHAPETI",7220700.74,4971785.92,0,200,0
"CULEBRAS",4606185.44,3852433.93,3,1391,1
"HUAYAN",1656838.14,1073819.9,0,160,0
"MALVAS",1818264.78,1415144.03,0,13798.4666666667,0
"CARAZ",54875247.19,28388161.7,51,27143,11
"HUALLANCA",4941935.84,6911034.45,0,42,0
"HUATA",2301952.52,2265957.91,0,200,0
"HUAYLAS",2176757.17,1299441.63,0,400,1
"MATO",5232167.03,4877541.44,0,100,0
"PAMPAROMAS",19209309.2,14476990.89,0,1000,0
"PUEBLO LIBRE",14024623.73,8991631.9,0,500,1
"SANTA CRUZ",11959434.84,10203251.81,2,1000,0
"SANTO TORIBIO",4724655.95,3677713.36,1,4150,0
"YURACMARCA",19105626.99,5798060.75,1,1250,0
"PISCOBAMBA",19469028.74,17127556.72,0,899,0
"CASCA",13719792.89,8386516.57,0,500,0
"ELEAZAR GUZMAN BARRON",3589010.19,2045442.08,0,150,0
"FIDEL OLIVAS ESCUDERO",9357422.61,7007483.96,0,210,0
"LLAMA",3314921.06,2336033.25,0,700,0
"LLUMPA",12656148.36,8309335.86,3,800,4
"LUCMA",5278884.11,4249579.57,0,600,0
"MUSGA",3535402.07,1866943.55,0,105,0
"OCROS",13900326.88,11639185.04,0,700,0
"ACAS",2613480.36,2131509.84,0,50,0
"CAJAMARQUILLA",1408306.18,1015066.87,0,250,0
"CARHUAPAMPA",1981285,1443424.05,0,210,0
"COCHAS",3652301.84,1806393.86,0,333,0
"CONGAS",2460370.06,2031494.74,0,611,0
"LLIPA",1494138.59,1176587.43,0,50,0
"SAN CRISTOBAL DE RAJAN",1995788.9,1767984.15,0,100,0
"SAN PEDRO",5233642.74,4542159.96,0,500,0
"SANTIAGO DE CHILCAS",4549813,4183613.34,0,368,0
"CABANA",16032231.13,14679115.95,4,2019,1
"BOLOGNESI",2698979.12,2278039.37,0,500,2
"CONCHUCOS",27926597.37,8142238.59,1,2650,0
"HUACASCHUQUE",1786532.7,1426388.21,0,80,0
"HUANDOVAL",1877388.74,1770166.1,0,435,0
"LACABAMBA",4591057.88,4522678.02,2,600,0
"LLAPO",6351895.84,6169718.19,2,200,0
"PALLASCA",3816256.11,4575114.47,0,1300,0
"PAMPAS",22194511.37,14263663.4,2,3000,0
"SANTA ROSA",1150856.78,842761.42,0,800,0
"TAUCA",2674434.99,2490668.56,0,1453,0
"POMABAMBA",38361723.98,33468283.37,0,15000,0
"HUAYLLAN",5310696.1,2859251.89,0,285,0
"PAROBAMBA",13221040.73,11416675.21,0,500,1
"QUINUABAMBA",5290161.88,3280148.55,0,800,0
"RECUAY",26077395.23,26240431.28,0,2581,0
"CATAC",5659865.15,4731543.53,0,1600,0
"COTAPARACO",1331480.43,906313.31,3,170,0
"HUAYLLAPAMPA",3001464.61,3543639.16,0,400,0
"LLACLLIN",3279565.54,1878130.83,1,60,0
"MARCA",6762796.25,5258376.95,1,600,0
"PAMPAS CHICO",2043619.97,1354890.28,0,200,0
"PARARIN",7142325.46,4696193.32,0,70,0
"TAPACOCHA",1731310.87,2124976.26,0,300,0
"TICAPAMPA",3862252.26,3006356.66,0,160,0
"CHIMBOTE",366431327.99,184186577.28,392,320000,283
"CACERES DEL PERU",14566282.35,9169153.09,12,300,0
"COISHCO",29545380.4,28188471.41,21,12000,11
"MACATE",16887315.4,16597752.71,5,350,0
"MORO",26552949.87,20718666.35,25,6917,3
"NEPEÑA",19328443.63,17078186.26,46,13000,31
"SAMANCO",14658605.18,9659961.79,12,1736,0
"SANTA",29024649.42,26305655.76,40,15000,31
"NUEVO CHIMBOTE",257473316.41,160727707.1,282,170000,105
"SIHUAS",28324262.6,25543706.56,0,4000,0
"ACOBAMBA",2787717.41,2408445.37,0,25,0
"ALFONSO UGARTE",1663005.69,2393301.83,2,550,0
"CASHAPAMPA",6998360.21,6521439.51,5,25,1
"CHINGALPO",9070044.44,8738771.58,0,200,0
"HUAYLLABAMBA",6775157.62,8666394.59,0,180,0
"QUICHES",8356376.93,11348776.76,0,200,0
"RAGASH",7856795.23,6903141.81,0,100,0
"SAN JUAN",24678092.6,23597642.7,6,1100,4
"SICSIBAMBA",2200775.94,4423613.18,0,100,2
"YUNGAY",35294280.27,35102619.6,0,1362,0
"CASCAPARA",2638267.65,2233935.79,1,60,0
"MANCOS",9324319.69,6251705.74,8,851,0
"MATACOTO",2559964.93,1982789.35,0,80,0
"QUILLO",32480968.12,24754315,1,3070,0
"RANRAHIRCA",4608947.15,4399390.42,0,2740,1
"SHUPLUY",6588637.4,5941462.69,1,350,0
"YANAMA",13826634.63,12380082.92,1,1500,0
"ABANCAY",76419523.22,48399933.9,19,89310,1
"CHACOCHE",2393526.79,2156578.51,1,800,1
"CIRCA",6083893.48,5373726.3,0,5,0
"CURAHUASI",29950991.12,34254480.94,0,4000,0
"HUANIPACA",9937445.04,10016160.62,0,300,0
"LAMBRAMA",6477329,3886874.59,0,500,0
"PICHIRHUA",4477679.34,4402964.49,0,200,1
"SAN PEDRO DE CACHORA",3655905.04,3991800.04,0,500,0
"TAMBURCO",10469405.5,8018100.75,19,6000,0
"ANDAHUAYLAS",82205285.02,60195896.91,56,38000,4
"ANDARAPA",9832942.03,11695883.67,0,130,0
"CHIARA",2503179.69,2494311.24,0,350,0
"HUANCARAMA",5286093.45,5042841.86,1,1800,0
"HUANCARAY",4058338.26,3730734.7,0,300,0
"HUAYANA",3728468.56,3340413.79,1,100,0
"KISHUARA",10615927.77,9162045.36,0,500,0
"PACOBAMBA",4457583.05,3871922.67,0,2000,0
"PACUCHA",8204843.94,6873765.99,0,2000,0
"PAMPACHIRI",3817965.45,3547934.39,0,700,0
"POMACOCHA",1821004.06,1657845.81,0,360,0
"SAN ANTONIO DE CACHI",5072185.91,4011869.13,1,40,0
"SAN JERONIMO",24811708.85,19426539.24,7,10000,0
"SAN MIGUEL DE CHACCRAMPA",3437623.55,2883936.56,0,15,0
"SANTA MARIA DE CHICMO",9616939.5,5540025.74,0,1780,1
"TALAVERA",17828193.5,12170688.97,12,8000,1
"TUMAY HUARACA",5546225.86,6377018.04,1,430,0
"TURPO",11823416.39,12065020.52,0,500,0
"KAQUIABAMBA",2250262.64,2081904.8,0,120,0
"JOSÉ MARÍA ARGUEDAS",7980277.89,7374424.07,1,996,0
"ANTABAMBA",26500602.37,26920978.38,8,4500,2
"EL ORO",2021155.54,1470427,0,300,0
"HUAQUIRCA",6568338.92,5576426.77,3,48,0
"JUAN ESPINOZA MEDRANO",9652784.65,8730319.29,0,1920,0
"OROPESA",4742091.55,4312785.51,0,1000,0
"PACHACONAS",2467915.62,2357654.05,1,800,0
"SABAINO",4485156.85,3623082.95,0,200,0
"CHALHUANCA",10382784.3,10480390.02,2,2800,0
"CAPAYA",1628756.01,1755582.89,0,133,0
"CARAYBAMBA",2357755.76,1385322.75,0,100,0
"CHAPIMARCA",5277741.77,2843635.04,0,500,0
"COLCABAMBA",1437344.1,1533235.09,0,100,0
"COTARUSE",12789166.04,10551483.34,0,446,0
"IHUAYLLO",1986096.22,1423272.75,0,50,0
"JUSTO APU SAHUARAURA",3812668.1,2696549.08,0,123,1
"LUCRE",1925513.4,1981927.21,0,50,0
"POCOHUANCA",1645065.14,1398593.97,0,200,0
"SAN JUAN DE CHACÑA",1567084.64,1484596.58,0,100,0
"SAÑAYCA",1481756.2,1174849.02,0,200,0
"SORAYA",2928062.91,1230661.51,0,200,0
"TAPAIRIHUA",4204464.93,3364647.31,1,100,0
"TINTAY",3230565.8,2882889.15,0,200,1
"TORAYA",3078192.83,2435014.69,0,1234,0
"YANACA",3556292.47,3150523.46,0,50,0
"TAMBOBAMBA",82251435.87,74054141.78,0,4200,0
"COTABAMBAS",24302190.43,18363303.28,0,800,0
"COYLLURQUI",29850202.91,19984065.74,0,1000,0
"HAQUIRA",28518517.95,20661126.65,8,514,0
"MARA",23875944.18,18637093.93,0,500,0
"CHALLHUAHUACHO",188287318.84,154259453.35,0,9000,0
"CHINCHEROS",31143056.7,28902013.12,5,1150,2
"ANCO-HUALLO",10347436.01,7247481.49,6,5000,0
"COCHARCAS",3417047.77,3397889.78,0,400,0
"HUACCANA",19958122,18241477.07,0,5000,2
"OCOBAMBA",20068119.1,19832150.95,1,2000,0
"ONGOY",4262076.07,3636354.03,0,700,0
"URANMARCA",8552782.74,6750729.26,0,40,0
"RANRACANCHA",4923921.83,4660108.43,0,600,0
"ROCCHACC",7169287.95,7753507.84,0,499,0
"EL PORVENIR",6811563.85,4946043.65,0,718,0
"LOS CHANKAS",6666216.87,3264729.94,0,300,0
"CHUQUIBAMBILLA",15760847.81,17600124.96,0,4000,1
"CURPAHUASI",4914589.26,4024172.77,0,25,0
"GAMARRA",7297702.26,6094573.79,0,250,0
"HUAYLLATI",4122468.06,3427483.13,0,1101,0
"MAMARA",2448612.47,1723558.46,5,200,0
"MICAELA BASTIDAS",3310199.13,2723518.68,0,1000,0
"PATAYPAMPA",2342306.97,2187368.94,0,70,0
"PROGRESO",8689394.39,6988345.53,1,5240,0
"SAN ANTONIO",1184498.88,1060759.52,0,300,0
"SANTA ROSA",1979677.03,1916172,0,50,0
"TURPAY",2525494.66,1792930.18,0,96,0
"VILCABAMBA",3916088.97,3445506.77,0,400,0
"VIRUNDO",2787222.74,2486373.09,1,250,0
"CURASCO",5270279.43,4486099.32,0,120,0
"AREQUIPA",303656953.76,187097399.42,173,80000,109
"ALTO SELVA ALEGRE",104763615.36,54703628.05,58,52000,36
"CAYMA",115223500.29,61528153.78,88,53059,33
"CERRO COLORADO",300211116.77,152731991.5,177,156000,26
"CHARACATO",26065156.8,12282114.79,13,10500,8
"CHIGUATA",8552902.8,4377525.07,1,6000,0
"JACOBO HUNTER",51800557.18,28137475.14,114,38000,2
"LA JOYA",119700497.87,75059252.87,14,17063,27
"MARIANO MELGAR",59353000.67,33133549.61,49,52000,6
"MIRAFLORES",57192756.55,31818703.12,53,54340,43
"MOLLEBAYA",13447892.52,9377392.72,3,2000,0
"PAUCARPATA",127524280.33,72459003.32,93,61447,20
"POCSI",4214913.13,3154776.76,0,80,0
"POLOBAYA",5360548.2,3755119.02,2,2500,0
"QUEQUEÑA",14107476.22,4404712.11,0,2871,0
"SABANDIA",11510643.46,4097824.95,10,3800,1
"SACHACA",40211753.91,24051925.58,94,27630,19
"SAN JUAN DE SIGUAS",5432050.35,1529957.62,0,2100,0
"SAN JUAN DE TARUCANI",12809596.4,4873842.13,2,250,0
"SANTA ISABEL DE SIGUAS",10185100.03,5155230.98,0,13798.4666666667,0
"SANTA RITA DE SIGUAS",15828283.42,7565243.89,2,12000,1
"SOCABAYA",98424822.43,47153894.4,59,50645,8
"TIABAYA",71571722.77,24384199.72,30,6000,3
"UCHUMAYO",86617654.38,36271633.9,42,8360,0
"VITOR",17269584.22,12419618.52,4,1000,1
"YANAHUARA",25038288.57,22449912.51,103,24476,0
"YARABAMBA",363948108.36,79280941.76,3,569,1
"YURA",103759896.86,63307323.54,64,17000,17
"JOSE LUIS BUSTAMANTE Y RIVERO",57297809.46,39851844.35,156,1e+05,15
"CAMANA",50911133.17,54127540.62,51,14940,32
"JOSE MARIA QUIMPER",11948543.18,3075989.93,0,4000,0
"MARIANO NICOLAS VALCARCEL",21458474.98,8439392.34,0,15000,0
"MARISCAL CACERES",12468373.02,7629589.94,0,3500,0
"NICOLAS DE PIEROLA",19813035.02,14698893.6,0,8000,0
"OCOÑA",8793879.07,4868774.66,8,2500,0
"QUILCA",6020689.11,5481928.39,0,500,0
"SAMUEL PASTOR",31637904.85,13646239.33,12,12000,0
"CARAVELI",25720934.9,27014723.35,18,3282,1
"ACARI",8410990.89,5518371.92,5,3042,5
"ATICO",13444595.7,6837501.77,1,2850,0
"ATIQUIPA",3183914.89,1510996.23,0,800,0
"BELLA UNION",12074531.18,8342270.42,4,2400,3
"CAHUACHO",3262160.91,2256022.59,0,230,0
"CHALA",18399422.61,5273723,16,11330,2
"CHAPARRA",13784801.81,12134132.68,1,4000,0
"HUANUHUANU",10667214.87,3528653.87,4,2000,0
"JAQUI",2281117.61,1571118.63,0,1500,0
"LOMAS",5525783.94,2854295.07,0,3500,0
"QUICACHA",8869608.98,5334788.86,0,1200,0
"YAUCA",6019222.33,3663583.39,4,2000,0
"APLAO",34422404.04,28039405.51,0,4200,0
"ANDAGUA",9786419.48,4142410.84,0,500,0
"AYO",5444824.92,2931337.28,0,300,0
"CHACHAS",7423831.25,7101237.04,0,857,0
"CHILCAYMARCA",4885299.78,3601568.7,1,50,0
"CHOCO",5842161.25,4919263.53,0,100,0
"HUANCARQUI",2824508.01,2325416.94,0,2400,0
"MACHAGUAY",4237419.48,1155297.95,1,100,0
"ORCOPAMPA",16785009.95,9090432.1,0,4056,0
"PAMPACOLCA",6134225.13,2405310.82,0,1061,0
"TIPAN",3829689.87,1455620.99,0,40,0
"UÑON",3913246.27,3523950.91,0,71,0
"URACA",18503784.55,12193620.74,1,2508,2
"VIRACO",2534716.15,1391252.4,0,500,0
"CHIVAY",42097037.39,31728282.25,39,6046,0
"ACHOMA",4059030.87,2247843.28,0,800,0
"CABANACONDE",6856328.7,5966994.75,0,1450,0
"CALLALLI",3776471.58,2477783.46,0,550,0
"CAYLLOMA",10261797.23,9032682.88,0,2275,0
"COPORAQUE",5954262.41,2275845.55,0,474,0
"HUAMBO",3933696.72,3811757.3,1,200,0
"HUANCA",6285790.82,2981420.63,0,334,0
"ICHUPAMPA",3730198.38,3306610.16,0,850,0
"LARI",4505088.86,3556358.73,0,50,0
"LLUTA",11362280.47,3285007.13,1,402,0
"MACA",2990902.64,2073527.22,0,260,0
"MADRIGAL",4172360.41,3273344.38,1,280,0
"SAN ANTONIO DE CHUCA",3628912.73,2862543.02,1,1000,3
"SIBAYO",4678702.02,1399706.95,0,183,0
"TAPAY",8781896.15,4392654,0,200,0
"TISCO",5472937.81,3364434.59,0,5,0
"TUTI",1488056.14,1420089.91,2,250,0
"YANQUE",6902127.35,4868180.17,0,1108,0
"MAJES",129950698.44,94569562.36,88,45134,1
"CHUQUIBAMBA",51193750.17,45865382.79,4,2000,2
"ANDARAY",6796742.61,3511786.39,0,330,0
"CAYARANI",9585510.87,5532987.82,0,160,0
"CHICHAS",8883497.26,6826135.38,1,80,0
"IRAY",5541917.16,2019665.85,0,233,0
"RIO GRANDE",14953590.71,6640865.6,0,700,1
"SALAMANCA",7534215.08,4353812.14,0,98,0
"YANAQUIHUA",19349194.19,13293207.99,0,500,0
"MOLLENDO",57822326.6,42852409.81,11,27000,40
"COCACHACRA",34171562.45,15741288.02,12,13550,4
"DEAN VALDIVIA",18295839.19,10165789.23,11,2000,6
"ISLAY",33706396.45,17078305.64,31,3591,5
"MEJIA",12547672,7790417.15,18,1800,11
"PUNTA DE BOMBON",20201278.39,9726576.44,22,2200,7
"COTAHUASI",15790600.32,8967737.62,1,1666,1
"ALCA",5582627.98,3018574.96,0,2550,1
"CHARCANA",9136902.54,5918846.31,0,7,0
"HUAYNACOTAS",10935917.34,2633473.13,0,500,0
"PAMPAMARCA",4810064.33,3008975.44,0,200,0
"PUYCA",8637206.21,3683375.69,0,100,0
"QUECHUALLA",2957634.9,2723047.99,0,10,0
"SAYLA",3921816.87,928283.02,0,40,0
"TAURIA",3771966.31,3793242.5,0,57,0
"TOMEPAMPA",4283383.27,1290926.86,0,450,0
"TORO",6061344.59,2836415.67,0,35,0
"AYACUCHO",92230072.65,80349698.16,171,89811,0
"ACOCRO",27440457.06,19586721.47,1,1500,1
"ACOS VINCHOS",7379683.7,7068175.89,0,650,0
"CARMEN ALTO",21474828.22,28532542.15,14,22000,2
"CHIARA",10117459.66,9793518.33,0,5000,1
"OCROS",32753695.08,26516076.86,1,500,1
"PACAYCASA",1943795.95,1847009.36,0,2000,0
"QUINUA",15204946.88,14452523.3,8,1900,0
"SAN JOSE DE TICLLAS",12153670.17,11431664.07,0,50,0
"SAN JUAN BAUTISTA",35825106.15,28990848.86,59,39000,0
"SANTIAGO DE PISCHA",6035952.49,5875057.3,0,6,0
"SOCOS",13107348.56,14002212.92,0,136,0
"TAMBILLO",11168245.72,11107614,0,850,0
"VINCHOS",49111351.98,39963239.24,0,1000,0
"JESUS NAZARENO",12640159.9,12322237.82,29,16000,0
"ANDRÉS AVELINO CÁCERES DORREGARAY",17083010.62,15192560.86,24,21000,1
"CANGALLO",12070516.05,13804205.91,16,2800,0
"CHUSCHI",5847384.06,5913420.83,1,1000,0
"LOS MOROCHUCOS",9948056.6,9400674.2,2,700,0
"MARIA PARADO DE BELLIDO",6956760.36,7320049.76,1,200,0
"PARAS",9386309.2,12409861.24,5,215,0
"TOTOS",6297018.24,7148403.05,0,38,0
"SANCOS",23658822.87,20885933.59,4,2178,2
"CARAPO",5786458.34,6277024.41,0,400,0
"SACSAMARCA",7052787.52,5803057.93,0,390,0
"SANTIAGO DE LUCANAMARCA",9482698,8315165.62,0,600,0
"HUANTA",50980792.78,52080869.26,40,18000,10
"AYAHUANCO",7148801.96,6409415.16,0,106,1
"HUAMANGUILLA",8023950.35,7039148.12,0,220,0
"IGUAIN",3142966.71,3108922.64,0,300,0
"LURICOCHA",12896811.45,14522783.29,0,1972,0
"SANTILLANA",7876961.39,5647466.75,0,420,0
"SIVIA",14813322.81,12825323.65,2,7500,0
"LLOCHEGUA",41326368.64,31148237.91,15,7000,1
"CANAYRE",14328408.38,17838649.97,2,2000,0
"UCHURACCAY",5816994.75,7885364.78,0,500,0
"PUCACOLPA",12291455.14,10796361.27,0,1440,0
"CHACA",3214381.04,2572515,0,556,0
"SAN MIGUEL",39423151.84,37311573.92,1,2800,0
"ANCO",22402518.18,15553037.85,0,1000,0
"AYNA",12292036.95,11936011.54,0,5000,0
"CHILCAS",13778168.45,11839104.68,0,40,0
"CHUNGUI",22482800.99,23604230.94,0,200,0
"LUIS CARRANZA",2279221.69,3476594.67,0,120,0
"SANTA ROSA",27445175.06,26652563.82,11,5600,2
"TAMBO",28561876.26,19556132.61,10,5000,4
"SAMUGARI",17724530.2,13715906.96,5,4000,0
"ANCHIHUAY",26719234.49,22771893.05,2,500,0
"ORONCCOY",4634857.8,4141934.71,0,100,0
"PUQUIO",44729412.45,41218687.78,1,12000,0
"AUCARA",8055551.16,10542214.19,0,1152,0
"CABANA",4692756.13,4798504.53,8,1600,0
"CARMEN SALCEDO",4381125.04,6688895.91,0,600,0
"CHAVIÑA",12329639.55,15227702.25,0,865,0
"CHIPAO",8395088.19,5480745.37,1,1700,0
"HUAC-HUAS",2609426.89,1951734.76,0,1000,0
"LARAMATE",3960627.96,2760187.87,5,350,0
"LEONCIO PRADO",1719415.25,1431720.73,0,100,0
"LLAUTA",2280315.78,2582747.55,1,250,0
"LUCANAS",7209930.79,8101021.1,2,1000,1
"OCAÑA",3675615.36,3032947.04,1,410,0
"OTOCA",3635093.38,2485110.25,2,450,0
"SAISA",3241591.16,2482254.68,1,500,0
"SAN CRISTOBAL",3847974.99,1767817.26,0,10,0
"SAN JUAN",2736545.48,3058582.43,2,750,0
"SAN PEDRO",4605022.63,4127561.88,0,1511,0
"SAN PEDRO DE PALCO",6337520.06,10208882.84,0,50,0
"SANCOS",12160775.44,5815129.23,0,600,1
"SANTA ANA DE HUAYCAHUACHO",1469684.13,1199207.84,1,170,0
"SANTA LUCIA",2189984.57,1824369.9,0,300,0
"CORACORA",26607105.35,25773443.04,0,11150,0
"CHUMPI",7318230.89,8411546.06,0,300,0
"CORONEL CASTAÑEDA",7445777.16,5038249.99,0,400,0
"PACAPAUSA",2989782.61,5154132.86,0,400,0
"PULLO",7237976.21,4603583.69,0,750,0
"PUYUSCA",10968711.8,11186805.95,0,100,0
"SAN FRANCISCO DE RAVACAYCO",3040376.32,5498849.08,0,150,0
"UPAHUACHO",2351345.75,2217950.46,0,300,0
"PAUSA",15295448.21,28921363.52,0,1750,0
"COLTA",2802668.44,2632316.77,0,168,0
"CORCULLA",2204825.47,2436337.58,0,80,0
"LAMPA",3785496.07,3413862.11,2,583,0
"MARCABAMBA",3033240.69,2235567.3,0,200,0
"OYOLO",15993343.63,11227090.2,0,150,0
"PARARCA",4766334.29,6333314.2,0,30,0
"SAN JAVIER DE ALPABAMBA",2442768.3,4457945.12,0,180,0
"SAN JOSE DE USHUA",1455534.29,857981.16,0,50,0
"SARA SARA",1929737.32,1280656.14,0,57,0
"QUEROBAMBA",16348610.03,18095377.55,0,2900,0
"BELEN",1424993.52,1404307.09,0,40,0
"CHALCOS",1613610.76,1561022.32,0,500,0
"CHILCAYOC",3488922.73,4603164.08,0,200,0
"HUACAÑA",1026675.31,941501.36,0,153,0
"MORCOLLA",4645581.54,4369938.88,0,136,0
"PAICO",891568.01,703935.74,0,80,0
"SAN PEDRO DE LARCAY",3269244.73,2526181.1,0,258,0
"SAN SALVADOR DE QUIJE",10163731.36,9267121.48,0,131,0
"SANTIAGO DE PAUCARAY",2210822.16,2226402.66,2,506,1
"SORAS",5483259.78,4419076.68,0,250,0
"HUANCAPI",20051937.46,16382310.38,6,1650,0
"ALCAMENCA",1652908.53,1724032.94,0,300,0
"APONGO",4866989.38,4589433.39,0,500,0
"ASQUIPATA",1486051.16,1110126.9,0,96,0
"CANARIA",3312370.64,2087001.18,2,710,0
"CAYARA",1951984.16,1954426.63,2,443,0
"COLCA",5732621.27,5270435.4,0,1000,0
"HUAMANQUIQUIA",2311971.83,4982571.58,0,300,0
"HUANCARAYLLA",1854134.49,2023139.93,2,350,0
"HUALLA",7114220.99,7978162.62,0,250,0
"SARHUA",4321891.72,5514241.61,0,500,1
"VILCANCHOS",10414190.15,12939835.79,0,222,0
"VILCAS HUAMAN",18642114.24,15742594.45,16,3450,0
"ACCOMARCA",3758997.78,3135121.13,0,100,0
"CARHUANCA",2165705.16,1857660.2,0,500,0
"CONCEPCION",2721938.12,2719937.02,0,50,0
"HUAMBALPA",1300665.31,1154849.83,0,100,0
"INDEPENDENCIA",2215829.22,2019364.52,0,100,0
"SAURAMA",2965839.36,2540568.91,0,900,0
"VISCHONGO",4380094.05,8632808.42,1,400,0
"CAJAMARCA",217923061.14,173423333.63,518,165000,106
"ASUNCION",16908487.14,11839247.2,9,750,5
"CHETILLA",9001225.27,8151141.48,0,100,0
"COSPAN",7395366.58,5977851.69,10,700,4
"ENCAÑADA",71578587.61,58214790.44,14,500,11
"JESUS",22283591.36,17569740.99,0,2888,2
"LLACANORA",9407938.51,8551507,2,500,0
"LOS BAÑOS DEL INCA",62121854.34,63257150.13,51,17800,25
"MAGDALENA",7759341.97,5130757.86,1,3400,0
"MATARA",8538298.25,8234340.52,8,800,0
"NAMORA",19779671.27,15069631.02,3,3600,0
"SAN JUAN",4110197.08,3649527.43,10,676,0
"CAJABAMBA",68377406.1,55790215.82,75,16000,10
"CACHACHI",55584474.31,32562099.21,13,558,8
"CONDEBAMBA",14033652.23,7829627.59,0,1134,0
"SITACOCHA",10802984,5366115.39,3,3000,0
"CELENDIN",58992902.62,47889518.88,0,13000,0
"CHUMUCH",2107474.1,2338836.26,0,24,0
"CORTEGANA",7791704.84,6672543.56,2,200,0
"HUASMIN",12192951.39,6969246.44,0,280,0
"JORGE CHAVEZ",2806316.03,2971894.05,0,150,0
"JOSE GALVEZ",3259459.72,3675659.93,0,900,0
"MIGUEL IGLESIAS",3909304.42,3641966.84,0,200,0
"OXAMARCA",5095679.38,6424629.44,0,650,0
"SOROCHUCO",8825580.77,7852634.58,0,717,0
"SUCRE",19332479.88,18603158.69,0,2250,0
"UTCO",1704702.52,1881792.39,0,33,0
"LA LIBERTAD DE PALLAN",5934430.22,5391025.73,0,300,0
"CHOTA",85572398.09,62058107.58,56,135000,19
"ANGUIA",17776014.23,14370262.74,4,400,1
"CHADIN",3091769.78,3305043.52,0,250,0
"CHIGUIRIP",2556013.44,3957467.92,0,200,0
"CHIMBAN",2473364.51,2363499.2,2,200,0
"CHOROPAMPA",4656441.42,4792571.88,0,1000,0
"COCHABAMBA",10700324.75,9349516.51,2,350,2
"CONCHAN",10255695.33,10243767.76,8,4000,0
"HUAMBOS",10130106.14,14167770.41,1,1200,0
"LAJAS",8614422.38,8239528.5,14,3200,0
"LLAMA",20594746.99,19201506.19,2,500,0
"MIRACOSTA",5771683.74,8195301.17,0,150,0
"PACCHA",27460976.17,18797218.91,0,200,0
"PION",1561785.41,1623930.59,0,362,0
"QUEROCOTO",19244760.18,16396909.75,22,2000,14
"SAN JUAN DE LICUPIS",2737479.15,2287446.55,7,20,2
"TACABAMBA",30455171.52,24000703.16,23,2000,5
"TOCMOCHE",2600417.61,2235490.5,0,250,0
"CHALAMARCA",9693585.81,9551225.6,9,690,1
"CONTUMAZA",24470747.25,21510852.83,3,2610,0
"CHILETE",8789759.55,6120487.71,10,4320,0
"CUPISNIQUE",1601823.95,2513416.42,1,50,0
"GUZMANGO",7600948.02,6920159.29,0,120,0
"SAN BENITO",5568777.48,5133172.62,1,900,0
"SANTA CRUZ DE TOLED",3040805.08,2585145.08,0,500,0
"TANTARICA",4770689.28,3483611.22,7,1042,1
"YONAN",11860318.14,6343662.97,12,3486,0
"CUTERVO",86215178.68,61463431.05,70,29394,17
"CALLAYUC",20528128.09,16414692.83,0,1000,0
"CHOROS",7334954.58,6929353.86,0,1000,0
"CUJILLO",2739291.94,2529811.78,0,500,0
"LA RAMADA",6657561.77,4938624.17,0,2000,0
"PIMPINGOS",15906174.43,15728753.74,8,1000,0
"QUEROCOTILLO",30671805.24,29818756.93,0,1500,0
"SAN ANDRES DE CUTERVO",5650760.28,4726129.98,1,2000,0
"SAN JUAN DE CUTERVO",10574636.66,8584466.31,1,290,0
"SAN LUIS DE LUCMA",4477587.38,3491821.78,1,250,1
"SANTA CRUZ",6002666.16,8730341.77,1,500,0
"SANTO DOMINGO DE LA CAPILLA",7969469.2,7501718.6,1,1500,0
"SANTO TOMAS",8112876.43,7368982.16,0,3334,0
"SOCOTA",8338335.16,9120066.7,5,978,0
"TORIBIO CASANOVA",2234083.3,2431923.55,1,200,0
"BAMBAMARCA",129634723.23,79417618.76,25,16687,35
"CHUGUR",15735965.68,10192006.01,0,1600,0
"HUALGAYOC",43965243.56,26761082.27,25,1550,13
"JAEN",99514118.17,86335660.11,178,120000,26
"BELLAVISTA",14937998.43,11884413.21,24,10000,0
"CHONTALI",12235472.35,11225782.76,5,1000,2
"COLASAY",22685663.07,21925682.53,0,550,0
"HUABAL",12912039.24,9727238.24,0,5000,0
"LAS PIRIAS",19128772.49,17782128.15,0,420,0
"POMAHUACA",22662390.38,23910585.43,0,3254,0
"PUCARA",5299759.78,4855527.28,6,4000,1
"SALLIQUE",9051682.27,6644184.26,0,520,0
"SAN FELIPE",5128360.24,5133059.95,1,1500,1
"SAN JOSE DEL ALTO",8807099.02,7212461.41,2,383,5
"SANTA ROSA",23086708.29,16644346.44,7,300,0
"SAN IGNACIO",69609980.2,67417286.47,1,5100,2
"CHIRINOS",14522813.77,15305865.76,2,8000,6
"HUARANGO",25607016.06,21883058.81,0,2000,8
"LA COIPA",34276089.81,28043325.29,4,1400,1
"NAMBALLE",20377582.93,17981519.28,1,1953,2
"SAN JOSE DE LOURDES",42756221.75,37947378.97,0,2000,0
"TABACONAS",20002571.54,16416159.01,0,1200,0
"PEDRO GALVEZ",30789246.21,31457065.07,19,10000,0
"CHANCAY",17897060.6,17978075.86,3,225,0
"EDUARDO VILLANUEVA",2736807.11,2625743.06,0,300,0
"GREGORIO PITA",19940175.67,23456819.81,5,150,0
"ICHOCAN",18347870.08,20211890.19,0,400,0
"JOSE MANUEL QUIROZ",2961686.28,2445463.66,1,500,0
"JOSE SABOGAL",9071015.99,8594356.82,1,1154,0
"SAN MIGUEL",31234558.71,29014536.27,0,2830,2
"BOLIVAR",10882539.68,10867860.64,1,332,0
"CALQUIS",4266706.04,2956274.84,0,18,0
"CATILLUC",5892417.43,1633751.57,0,547,0
"EL PRADO",3856002.5,3433212.34,0,161,0
"LA FLORIDA",5803922.97,5536857.51,1,1000,0
"LLAPA",5548935.63,12001933.17,6,200,4
"NANCHOC",5043743.91,4993571.5,0,1000,0
"NIEPOS",10019602.94,9534690.35,1,400,0
"SAN GREGORIO",2830459.54,2261546.96,0,60,1
"SAN SILVESTRE DE COCHAN",3173485.73,2904719.93,0,146,0
"TONGOD",6628150.9,5811405.96,0,50,0
"UNION AGUA BLANCA",2808641.9,2521209.61,0,100,0
"SAN PABLO",24138099.56,22758777.52,0,3500,0
"SAN BERNARDINO",7137134.72,9089271.03,0,150,0
"SAN LUIS",1777076.78,1350388.61,0,80,0
"TUMBADEN",4516048.71,3422765.1,2,60,0
"SANTA CRUZ",37340837.81,37077460.52,7,4500,13
"ANDABAMBA",3633381.59,3607450.85,1,30,0
"CATACHE",26928119.54,25354193.32,4,1440,0
"CHANCAYBAÑOS",5451423.13,5051051.82,2,1000,0
"LA ESPERANZA",8901924.2,8487739.56,5,1000,1
"NINABAMBA",8669872.68,6859991.5,5,500,0
"PULAN",20770952.4,19295975.99,0,500,0
"SAUCEPAMPA",4585699.44,4693587.92,8,110,0
"SEXI",2293425.67,1106524.16,8,50,0
"UTICYACU",2879877.46,2289939.47,0,60,0
"YAUYUCAN",5193352.6,2719770.01,0,250,0
"CALLAO",363460684.41,289819259.57,0,943300,0
"BELLAVISTA",58101922.42,49520541.1,58,90000,5
"CARMEN DE LA LEGUA REYNOSO",39200249.96,34522151.3,100,52000,0
"LA PERLA",39468563.91,32257315.07,121,56769,7
"LA PUNTA",30106901.08,24957552.87,36,5844,0
"VENTANILLA",219854430.59,192055831.16,297,321830,73
"MI PERÚ",37586789.18,35919675.87,45,36250,33
"CUSCO",164647914.2,164828773.05,309,135068,9
"CCORCA",6067259.19,4691489.28,3,372,0
"POROY",14142705.84,10271196.45,13,5500,0
"SAN JERONIMO",67348570.35,57181348.73,65,66000,20
"SAN SEBASTIAN",88012283.69,65538986.16,97,90000,18
"SANTIAGO",81760930.27,57511219.6,127,80816,6
"SAYLLA",11188050.47,7563272.35,1,13900,1
"WANCHAQ",51375198.02,37732827.37,143,80947,0
"ACOMAYO",15677423.34,16854555.89,0,900,0
"ACOPIA",8023485.42,5942207.12,0,700,0
"ACOS",3987818.4,2997221.05,0,150,1
"MOSOC LLACTA",3693672.35,5549725.96,0,180,0
"POMACANCHI",20271801.81,15984995.17,3,4173,2
"RONDOCAN",2835843.14,2737584.36,0,50,0
"SANGARARA",9746537.47,6823275.72,1,2000,0
"ANTA",38509385.28,36200619.98,0,13098,79
"ANCAHUASI",15752601.29,11162052.54,0,2000,0
"CACHIMAYO",5946923.63,3001174.32,9,642,8
"CHINCHAYPUJIO",13431733.69,8523068.42,0,150,0
"HUAROCONDO",14634928.65,8510601.84,20,1300,6
"LIMATAMBO",16543658.47,10035440.17,9,2000,0
"MOLLEPATA",5847097.67,5457429.48,0,223,0
"PUCYURA",8873456.74,7757466.93,0,700,0
"ZURITE",4911953.09,3530381.6,0,1800,0
"CALCA",66715267.29,44871404.64,0,17400,2
"COYA",9262760.52,4577220.62,4,526,0
"LAMAY",13484439.52,12123036.75,0,1300,1
"LARES",26819989.88,16702158.54,22,1500,7
"PISAC",18598564.79,13488102.3,40,3860,4
"SAN SALVADOR",13371679.5,11379933.49,5,533,5
"TARAY",9460150.71,8804797.36,5,2500,1
"YANATILE",19690368.74,18042482.5,0,3000,0
"YANAOCA",23370086.38,20892400.88,25,5000,3
"CHECCA",18292920.85,14617611,0,100,0
"KUNTURKANKI",11254791.35,8462695.68,0,377,0
"LANGUI",9677481.85,6587053.81,0,30,0
"LAYO",13368402.89,10664833.31,0,200,0
"PAMPAMARCA",8091070.15,2607558.04,0,210,0
"QUEHUE",11615456.88,16179521.58,0,60,0
"TUPAC AMARU",4255521.66,3432269.13,0,900,0
"SICUANI",75405235.3,49903887.54,65,39000,29
"CHECACUPE",10674202.32,8182540.68,0,700,0
"COMBAPATA",7355200.67,5633093.84,0,2683,2
"MARANGANI",12128090.25,11302626.16,0,341,0
"PITUMARCA",13667555.02,10531703.12,0,1300,0
"SAN PABLO",6594512.19,5533748.15,0,464,0
"SAN PEDRO",4271550.9,3686756.05,0,1000,0
"TINTA",6987604.66,4887492.94,2,1550,0
"SANTO TOMAS",91495139.16,61516712.14,40,7320,8
"CAPACMARCA",28722202.37,14098602.62,0,446,0
"CHAMACA",25023544.68,19291562.9,105,1600,0
"COLQUEMARCA",43592340.25,30048813.9,2,2300,0
"LIVITACA",89222966.42,59530986.61,0,2000,20
"LLUSCO",17579285.39,13763414.28,0,110,0
"QUIÑOTA",35734236.29,16132389.28,0,500,0
"VELILLE",35934042.86,23788163.7,0,3000,0
"ESPINAR",230837030.06,157407087.35,16,30000,0
"CONDOROMA",12067829.24,8950500.13,0,500,0
"COPORAQUE",43018935.42,37354787.34,22,827,7
"OCORURO",13398741.81,10751564.61,0,550,0
"PALLPATA",38875076.35,22939217.13,12,800,1
"PICHIGUA",25537269.36,19201414.13,3,85,0
"SUYCKUTAMBO",13109584.66,12410755.39,0,58,0
"ALTO PICHIGUA",12909449.8,9548393.25,0,450,0
"SANTA ANA",123680868.52,103721340.18,47,42000,4
"ECHARATE",156827591.65,128843878.13,48,1724,10
"HUAYOPATA",21722803.18,18435325.51,4,2360,0
"MARANURA",20265394.69,10268248.83,5,2090,4
"OCOBAMBA",25483232.03,15033421.48,13,980,14
"QUELLOUNO",88896966.05,67213830.97,21,3000,5
"KIMBIRI",122794232.62,86830535.77,0,8000,0
"SANTA TERESA",32985262.28,24094065.29,20,4000,0
"VILCABAMBA",80703313.65,55196813.36,94,5208,11
"PICHARI",194476720.82,110849517.27,0,35000,2
"INKAWASI",31550342.72,21209047,2,500,0
"VILLA VIRGEN",18718216.06,10503571.54,0,300,0
"VILLA KINTIARINA",28279150.46,13723625.91,0,2000,0
"MEGANTONI",286913571.61,150760959.75,0,1200,38
"PARURO",42709694.44,37652628.6,0,2000,2
"ACCHA",7253481.18,6053035.86,0,200,0
"CCAPI",12684695.75,11140985.28,0,1000,0
"COLCHA",11498016.59,4205990.71,0,120,0
"HUANOQUITE",10819223.75,8723129.4,0,1000,0
"OMACHA",18901999.47,11742351.66,0,40,0
"PACCARITAMBO",6406471.71,3878541.26,0,50,0
"PILLPINTO",1924733.28,1537661.48,0,140,0
"YAURISQUE",14818217.49,12952768.19,0,48,0
"PAUCARTAMBO",66174026.26,64757222.17,29,2000,10
"CAICAY",10825115.38,6978473.27,0,300,0
"CHALLABAMBA",26081592.02,17209366.01,9,750,5
"COLQUEPATA",17133486.28,13058020.75,12,2400,0
"HUANCARANI",17415060.12,11880979.94,0,3000,2
"KOSÑIPATA",18878572.53,11133682.53,1,2500,0
"URCOS",36949540.33,36693769.72,40,3890,11
"ANDAHUAYLILLAS",9290062.9,7653126.18,11,4244,1
"CAMANTI",7064845.96,6296836.91,9,1197,0
"CCARHUAYO",10037798.71,7843603.95,3,107,3
"CCATCA",32284723.75,24749216.55,0,1690,0
"CUSIPATA",9698908.15,7725156.8,0,2950,0
"HUARO",7383358.92,6810494.01,0,1400,0
"LUCRE",7996422.55,6235374.38,0,1300,0
"MARCAPATA",16972464.39,11157838.19,8,1852,2
"OCONGATE",30533329.91,21171234.46,0,10000,0
"OROPESA",11869247.52,9346964.15,56,7870,16
"QUIQUIJANA",24425477.85,19022802.08,8,1800,1
"URUBAMBA",42324297.86,32889841.25,34,17450,17
"CHINCHERO",14667972.47,13988307.74,0,3200,0
"HUAYLLABAMBA",6370625.92,5905269.26,0,4000,0
"MACHUPICCHU",16140125.83,14975626.92,0,2500,0
"MARAS",15410083.35,11404356.79,30,1430,0
"OLLANTAYTAMBO",34437115.37,25272030.56,0,6000,0
"YUCAY",8811389.86,3242018.75,0,500,0
"HUANCAVELICA",70879637.63,60508427.05,15,8000,16
"ACOBAMBILLA",9569150.48,9407961.64,0,46,0
"ACORIA",39256280.44,28349765.67,7,348,5
"CONAYCA",1856688.36,1421690.53,0,120,0
"CUENCA",4770979.58,4163628.31,1,60,0
"HUACHOCOLPA",4220848.56,3913052.74,2,220,0
"HUAYLLAHUARA",4826032.63,2772835.39,1,152,0
"IZCUCHACA",1759702.59,1090868.35,3,600,0
"LARIA",6334709.01,6137704.2,2,186,0
"MANTA",2491753.94,2384165.88,0,200,0
"MARISCAL CACERES",1206730.76,1029500.28,4,120,0
"MOYA",2174405.08,1896049.02,0,300,0
"NUEVO OCCORO",3215651.21,3065447.72,1,158,2
"PALCA",22159493.59,21217496.42,0,450,0
"PILCHACA",4340664.53,3749730.07,0,110,0
"VILCA",2838021.29,2663419.84,0,77,1
"YAULI",29200486.5,19050245.42,3,1540,2
"ASCENSION",17217661.39,12362534.7,2,7500,0
"HUANDO",12889118.55,12004001.3,0,1500,0
"ACOBAMBA",36758389.59,36696763.8,36,6500,4
"ANDABAMBA",5753633.75,4918617.55,6,150,0
"ANTA",7616245.31,6334536.69,19,41,3
"CAJA",2051628.11,1679039.8,0,50,0
"MARCAS",5120013.19,4909952.41,0,1250,0
"PAUCARA",22803187.29,19334077.1,10,3794,0
"POMACOCHA",5755529.67,4212171.38,0,48,1
"ROSARIO",6705736.77,7677808.25,0,1000,0
"LIRCAY",44133372.74,45304654.52,0,9000,0
"ANCHONGA",17997695.64,12507882.72,0,300,0
"CALLANMARCA",1554332.2,1335425.76,4,60,0
"CCOCHACCASA",3653572.99,3265370.78,0,600,0
"CHINCHO",2378480.44,2094577.43,0,500,0
"CONGALLA",9821378.66,9300572.22,0,400,0
"HUANCA-HUANCA",7250980.72,6123638.5,0,600,0
"HUAYLLAY GRANDE",2721643.11,2660530.59,0,43,0
"JULCAMARCA",1362149.07,1375714.21,0,250,0
"SAN ANTONIO DE ANTAPARCO",4835453.98,7032779.79,0,200,0
"SANTO TOMAS DE PATA",2613617.55,2428013.85,1,265,1
"SECCLLA",8851742.96,8323670.57,0,500,0
"CASTROVIRREYNA",34586798.49,28984489.15,2,1100,1
"ARMA",1222659.41,1006810.21,2,20,0
"AURAHUA",9224711.37,7804760.77,0,500,0
"CAPILLAS",2063273.29,1675804.71,0,250,0
"CHUPAMARCA",2914997.11,2582823.91,0,10,0
"COCAS",3205122.26,2542942.3,0,40,0
"HUACHOS",2316014.81,2327643.83,0,140,0
"HUAMATAMBO",1324493.84,1297254.25,0,500,0
"MOLLEPAMPA",5986568.51,4568458.75,0,20,0
"SAN JUAN",1340368.39,1014886.09,0,50,0
"SANTA ANA",4488441.63,4316037.65,0,15,0
"TANTARA",1366541.06,1466740.74,0,1000,0
"TICRAPO",4891384.35,4004189.11,1,100,0
"CHURCAMPA",34633246.28,31049515.43,4,4800,0
"ANCO",6400797.36,5395674.85,0,5000,0
"CHINCHIHUASI",3927222.05,3731144.09,0,400,0
"EL CARMEN",3855122.37,3087142.58,0,990,0
"LA MERCED",1701062.31,1472376.83,0,175,0
"LOCROJA",6769307.8,7633910.39,0,50,0
"PAUCARBAMBA",7674940.52,9956121.37,1,1500,0
"SAN MIGUEL DE MAYOCC",7191604.6,6419823.08,0,500,0
"SAN PEDRO DE CORIS",8092660.47,4709251.05,0,500,0
"PACHAMARCA",8441087.3,7935011.13,1,160,0
"COSME",3438736.7,2952094.96,0,20,0
"HUAYTARA",22919521.91,22076334.03,4,1450,1
"AYAVI",5451983.17,4831836.79,0,50,0
"CORDOVA",3428901.68,2722075.65,0,20,0
"HUAYACUNDO ARMA",1174183.66,762279.55,0,220,0
"LARAMARCA",3474944.21,3030963.93,0,35,0
"OCOYO",5718247.8,4335713.7,0,90,0
"PILPICHACA",12156481.72,6894933.69,0,623,0
"QUERCO",2125198.84,1976074.94,0,30,0
"QUITO-ARMA",2522104.61,2074518.31,0,350,0
"SAN ANTONIO DE CUSICANCHA",5402943.1,4938080.8,0,350,0
"SAN FRANCISCO DE SANGAYAICO",11158370.96,10714003.38,0,20,0
"SAN ISIDRO",5088483.5,5624367.82,0,200,0
"SANTIAGO DE CHOCORVOS",4403434.9,2911133.36,1,75,0
"SANTIAGO DE QUIRAHUARA",1782258.34,1611457.06,0,500,0
"SANTO DOMINGO DE CAPILLAS",1806875.78,1436153.02,0,120,0
"TAMBO",5069080.55,3095687.15,0,500,0
"PAMPAS",52685971.07,50601450.83,0,8000,5
"ACOSTAMBO",3993909.56,3343675.86,0,620,0
"ACRAQUIA",5511612.54,5524828.16,12,400,1
"AHUAYCHA",10776391.31,12234364.72,0,1000,0
"COLCABAMBA",29255029.44,21263687.27,0,4500,0
"DANIEL HERNANDEZ",12301531.9,10894328.97,4,3892,0
"HUACHOCOLPA",6101470.54,4808466.56,0,2600,0
"HUARIBAMBA",5109749.36,5216017.49,0,300,0
"ÑAHUIMPUQUIO",5151891.9,4905323.49,0,346,0
"PAZOS",8266969.83,6070185.28,0,560,0
"QUISHUAR",3603329.77,3353716.6,0,300,0
"SALCABAMBA",11078240.11,8430256.86,0,250,0
"SALCAHUASI",3179868.56,2864058.49,0,200,0
"SAN MARCOS DE ROCCHAC",8551798.75,4996882.32,0,80,0
"SURCUBAMBA",26040303.38,24493176.18,0,2500,0
"TINTAY PUNCU",10201693.24,10594353.75,6,500,5
"QUICHUAS",11130791.78,9953964.33,0,200,0
"ANDAYMARCA",7740112.38,7685976.21,3,500,2
"ROBLE",4809657.87,4767031.64,0,50,0
"PICHOS",8686102.95,7466874.46,0,850,0
"SANTIAGO DE TUCUMA",2473681.47,2302285.66,0,700,0
"HUANUCO",69918638.16,64962034.39,132,60000,0
"AMARILIS",32550011.46,30661966.56,49,61630,7
"CHINCHAO",8920879.25,9812004.53,5,1000,1
"CHURUBAMBA",14164608.01,15556340.01,0,260,0
"MARGOS",7222385.23,6381770.16,0,30,0
"QUISQUI",4505487.56,4824021.02,0,50,0
"SAN FRANCISCO DE CAYRAN",3478372.45,3410301.26,0,2500,0
"SAN PEDRO DE CHAULAN",7158419.82,6159555.5,3,267,0
"SANTA MARIA DEL VALLE",27806409.92,26239392.55,15,530,4
"YARUMAYO",9313311.14,9552109,0,65,0
"PILLCO MARCA",13256983.21,10181209.47,42,30710,0
"YACUS",3777607.93,3689442.6,0,110,0
"SAN PABLO DE PILLAO",10006493.91,8114208.19,0,2100,0
"AMBO",45418727.22,43958613.27,21,11000,7
"CAYNA",5237065.5,6168105.1,2,100,2
"COLPAS",9155559.9,9346572.69,0,30,0
"CONCHAMARCA",9763844.26,9640706.48,0,150,0
"HUACAR",9772452.37,11055897.5,2,3000,0
"SAN FRANCISCO",2703482.38,2434558.1,7,209,0
"SAN RAFAEL",16618801.47,16331906.86,0,1000,1
"TOMAY KICHWA",2305174.84,3248171.35,2,3000,0
"LA UNION",23492584.84,17252025.59,0,8000,1
"CHUQUIS",7399192.01,8002891.11,0,673,0
"MARIAS",16463830.13,15359065.15,0,150,0
"PACHAS",9320710.16,8009956.19,0,1000,0
"QUIVILLA",5106086.36,5262703.05,0,500,0
"RIPAN",8941735.61,6791837.62,0,2500,0
"SHUNQUI",2163122.6,2088421.58,0,50,2
"SILLAPATA",1734401.73,1621629.9,0,80,0
"YANAS",7529303.49,7516052.01,0,452,0
"HUACAYBAMBA",11643476.09,13921558.13,4,1378,0
"CANCHABAMBA",2193535.63,1959914.98,1,100,0
"COCHABAMBA",3132806.47,2398149.57,4,100,2
"PINRA",4381689.9,3321853.55,0,250,0
"LLATA",29709113.24,24083829.89,3,6000,0
"ARANCAY",1482228.03,1525246.16,0,300,0
"CHAVIN DE PARIARCA",7506964.83,7074040.24,0,800,0
"JACAS GRANDE",13843008.45,13588349.49,0,200,0
"JIRCAN",1997013.41,4896053.57,0,30,0
"MIRAFLORES",6204666.09,6056085.7,0,500,0
"MONZON",24050778.62,22179673.78,0,7200,0
"PUNCHAO",1333073.85,1865529.38,0,500,0
"PUÑOS",3509222.17,2865041.31,0,140,0
"SINGA",2043906.37,2161727.95,0,850,0
"TANTAMAYO",2688715.43,2897668.24,0,160,0
"RUPA-RUPA",53828712.27,45158457.08,190,46045,25
"DANIEL ALOMIA ROBLES",6987958.5,6573468.85,3,860,2
"HERMILIO VALDIZAN",7470648.11,7469659.09,0,13798.4666666667,0
"JOSE CRESPO Y CASTILLO",14330483.19,9643292.21,8,12720,3
"LUYANDO",19942368.65,13736654.01,0,803,0
"MARIANO DAMASO BERAUN",13682218.81,13434688.26,9,2142,6
"PUCAYACU",3713469.29,3328156.79,0,1500,0
"CASTILLO GRANDE",9046966.09,7007022.03,8,11000,0
"PUEBLO NUEVO",4190904.78,3779573.63,0,200,0
"SANTO DOMINGO DE ANDA",2847429.43,2076237.12,0,1200,0
"HUACRACHUCO",16454306.91,10355857.92,5,4719,0
"CHOLON",12091374.38,11329403.08,0,200,0
"SAN BUENAVENTURA",2052303.94,2240835.75,0,20,0
"LA MORADA",5081886.03,5172097.23,0,900,0
"SANTA ROSA DE ALTO YANAJANCA",7142228.6,2636158.41,0,2000,0
"PANAO",38160654.97,33191913.53,0,3800,0
"CHAGLLA",19360689.4,14402373.05,6,6000,0
"MOLINO",16607125.48,13244174.04,0,5400,0
"UMARI",12471363.28,10486006.84,5,1963,0
"PUERTO INCA",17596167.63,15807113.61,51,2267,3
"CODO DEL POZUZO",11783277.18,13234636.61,1,8000,0
"HONORIA",9373758.65,7392174.89,0,1000,0
"TOURNAVISTA",14372726.68,13575380.04,0,1019,0
"YUYAPICHIS",8427977.17,4879391.05,2,3830,0
"JESUS",12982530.8,10104861.52,1,800,0
"BAÑOS",7418036.66,6968837.36,0,150,0
"JIVIA",3552992.86,3289540.56,0,50,0
"QUEROPALCA",1587678.21,1583698.29,0,150,0
"RONDOS",5269992.99,6707335.39,0,60,0
"SAN FRANCISCO DE ASIS",5119758.8,5049341.02,0,50,0
"SAN MIGUEL DE CAURI",16150351.42,11851904.78,0,800,0
"CHAVINILLO",16713454.37,14976224.97,2,598,0
"CAHUAC",4866400.04,5657980.12,0,20,0
"CHACABAMBA",2427142.49,2227454.92,0,90,0
"APARICIO POMARES",11423971.88,10044834.58,0,220,0
"JACAS CHICO",3066989.39,3011597.43,1,320,0
"OBAS",3399407.32,5039350.5,0,80,0
"PAMPAMARCA",5120108.31,5281061.64,3,250,1
"CHORAS",2407602.25,2467515.18,0,350,0
"ICA",127098858.5,111542832.8,207,140000,41
"LA TINGUIÑA",28026254.05,23049211.6,26,45600,0
"LOS AQUIJES",14353036.71,9568466.22,30,35000,0
"OCUCAJE",9025823.93,3666869.27,2,1000,0
"PACHACUTEC",5831811.05,2571277.09,2,3500,0
"PARCONA",34579723.34,27904631.82,47,50000,7
"PUEBLO NUEVO",6766026.13,4878277.07,7,4000,0
"SALAS",28331126.46,23826189.14,17,20000,0
"SAN JOSE DE LOS MOLINOS",8528115.86,7108865.24,2,2600,0
"SAN JUAN BAUTISTA",8777853.43,6214274.28,18,7000,0
"SANTIAGO",21172942.32,16627134.18,5,14000,17
"SUBTANJALLA",20214773.87,14071213.74,32,29000,6
"TATE",5117194.58,4499937.38,1,1057,0
"YAUCA DEL ROSARIO",4849593.13,2918051.56,1,200,0
"CHINCHA ALTA",75442172.5,51789811.59,89,45000,10
"ALTO LARAN",16937268.87,7539535.53,8,4800,0
"CHAVIN",15431478.11,5621383.1,0,900,0
"CHINCHA BAJA",18264753.87,14446051.66,18,6000,5
"EL CARMEN",14332463.76,10674036.01,19,3000,0
"GROCIO PRADO",20754651.07,17174168.6,6,20000,0
"PUEBLO NUEVO",46036671.74,27968036.67,25,36200,3
"SAN JUAN DE YANAC",4186982.81,2316028.24,0,50,0
"SAN PEDRO DE HUACARPANA",2891286.65,1686006.94,0,15,0
"SUNAMPE",19893866.48,18279581.42,48,20000,0
"TAMBO DE MORA",4763824.24,4098037.87,9,4300,3
"NASCA",96989859.38,50858354.1,79,15000,8
"CHANGUILLO",8234283.33,5288199.53,1,200,0
"EL INGENIO",16612821.07,7967886.98,1,1784,0
"MARCONA",146144413.45,68585138.67,2,29460,0
"VISTA ALEGRE",58293057.18,38380354.8,18,10000,9
"PALPA",14277994.86,12634496.74,18,3800,0
"LLIPATA",3754290.7,3138489.44,3,1400,0
"RIO GRANDE",2622405.62,2512380.81,1,2400,0
"SANTA CRUZ",1500719.2,1348583.45,0,170,0
"TIBILLO",1316842.98,679668.15,2,100,0
"PISCO",71895854.56,54721102.05,45,41000,0
"HUANCANO",9408286.17,6756090.21,0,1904,0
"HUMAY",14148052.79,9072770.17,17,2776,6
"INDEPENDENCIA",19341950.91,13558985.27,42,8000,2
"PARACAS",45252340.68,36322185.34,3,15170,0
"SAN ANDRES",17913873.77,14693163.92,33,13736,0
"SAN CLEMENTE",22432480.07,15015503.59,37,17000,10
"TUPAC AMARU INCA",16041161.81,9619576.83,15,11339,3
"HUANCAYO",143200460.18,108813048.81,57,145000,40
"CARHUACALLANGA",939005.76,807640.31,0,282,0
"CHACAPAMPA",1224900.43,1054944.09,0,10,0
"CHICCHE",8750790.69,8495882.82,0,170,0
"CHILCA",28263222.35,22795705.7,68,68000,13
"CHONGOS ALTO",3261591.21,2343021.5,0,1143,0
"CHUPURO",3102706.01,3079368.36,1,472,0
"COLCA",1395347.63,1455052.94,0,100,0
"CULLHUAS",1844371.91,1943872.21,0,1000,0
"EL TAMBO",56571812.81,49500351.08,190,147000,3
"HUACRAPUQUIO",5085291.73,6392296.18,0,35,0
"HUALHUAS",4548104.41,4829405.92,1,1300,0
"HUANCAN",7610054.12,5557537.95,23,10000,0
"HUASICANCHA",974174.73,632806.11,0,395,0
"HUAYUCACHI",8289034.4,6113441.75,2,4000,0
"INGENIO",4306187.46,3508701.51,0,900,0
"PARIAHUANCA",4217989.59,3943869.77,0,637,0
"PILCOMAYO",15049488.86,13205852.46,0,7200,1
"PUCARA",6866746.51,8815413.05,3,150,0
"QUICHUAY",2258189.06,2636267.07,0,1200,0
"QUILCAS",2105271.36,1539099.55,4,1450,0
"SAN AGUSTIN",8280481.01,5797591.71,8,6450,2
"SAN JERONIMO DE TUNAN",5611147.91,4286716.61,9,6000,1
"SAÑO",2554687.83,2682153.04,2,1605,0
"SAPALLANGA",6850931.02,6315252.24,12,13940,2
"SICAYA",6513171.43,5915111.67,12,7200,3
"SANTO DOMINGO DE ACOBAMBA",8674146,6759571.09,0,500,0
"VIQUES",6334754.84,3854978.16,3,150,1
"CONCEPCION",26066317.49,28693770.29,48,15700,5
"ACO",1367126.99,1183205.06,0,208,0
"ANDAMARCA",5740156.86,4780045.98,2,100,2
"CHAMBARA",1715594.08,1716470.26,0,300,0
"COCHAS",1193472.37,4091349.99,0,140,0
"COMAS",6244647.07,6268778.44,4,600,1
"HEROINAS TOLEDO",1120129.92,991966.23,0,60,0
"MANZANARES",4972099.56,3412403.82,0,500,0
"MARISCAL CASTILLA",1311471.77,934620.11,1,300,0
"MATAHUASI",2848906.33,2620649.87,5,3100,0
"MITO",4946719.31,5880525.03,1,232,0
"NUEVE DE JULIO",2270949.79,4411280.31,0,165,0
"ORCOTUNA",3351840.8,2930390.16,4,1850,1
"SAN JOSE DE QUERO",11066971.02,11250694.75,0,13798.4666666667,1
"SANTA ROSA DE OCOPA",2347085.66,1058051.31,0,720,0
"CHANCHAMAYO",58691498.57,60631983.83,30,35000,4
"PERENE",44273818.59,42587981.13,24,41440,7
"PICHANAQUI",39876033.02,34786032.82,31,37942,10
"SAN LUIS DE SHUARO",4576230.05,4452114.93,0,1000,1
"SAN RAMON",20119723.46,21374167.59,32,30000,0
"VITOC",3384045.98,2400594.44,1,500,0
"JAUJA",69403431.79,64627950.26,34,18200,6
"ACOLLA",5926398.86,5259675.96,3,3270,3
"APATA",2919891.38,2351654.73,4,2500,0
"ATAURA",1582235.71,1147532.09,0,25,0
"CANCHAYLLO",1734742.04,1529396.84,3,1600,2
"CURICACA",2791133.82,2573740.55,1,200,0
"EL MANTARO",1329318.87,1563181.75,0,500,0
"HUAMALI",1100028.01,976095.24,0,500,0
"HUARIPAMPA",1431296.63,802417.08,0,560,0
"HUERTAS",1430134.9,1400827.08,0,1110,2
"JANJAILLO",5126169.91,4769398.19,1,13798.4666666667,0
"JULCAN",1152357.42,759410.9,0,200,0
"LEONOR ORDOÑEZ",1025191.68,934901.59,0,450,0
"LLOCLLAPAMPA",988808.35,985432.17,0,106,0
"MARCO",1830508.41,1596199.86,0,723,0
"MASMA",3722108.69,3391861.89,0,13798.4666666667,0
"MASMA CHICCHE",1674099.49,1596482.94,0,115,0
"MOLINOS",1289978.98,1122981.88,0,70,0
"MONOBAMBA",4020184.86,3495794.53,0,180,0
"MUQUI",5432634.37,4796754.38,1,500,0
"MUQUIYAUYO",5310173.33,1879559.83,0,1784,0
"PACA",1276208.53,987141.48,0,800,0
"PACCHA",1880795.07,1419253.83,0,1200,0
"PANCAN",1448691.36,1113993.63,0,80,0
"PARCO",968374.87,1369872.42,0,600,1
"POMACANCHA",3031268.72,5688745.52,0,100,0
"RICRAN",7014376.29,6714818.83,0,30,0
"SAN LORENZO",2098312.28,2536675.4,1,500,0
"SAN PEDRO DE CHUNAN",1293407.83,1007401.91,0,549,0
"SAUSA",1679063.34,1396082.58,2,350,0
"SINCOS",6965720.37,6699331.47,0,520,1
"TUNAN MARCA",868065.56,687926.51,0,500,0
"YAULI",997931.27,1700233.73,0,549,0
"YAUYOS",6642554.61,8950527.57,11,12000,0
"JUNIN",28947111.18,26141336.93,8,3530,0
"CARHUAMAYO",4006119.43,2977486.02,12,1800,0
"ONDORES",1473503.99,1448219.93,1,175,0
"ULCUMAYO",11951179.35,8632243.25,1,517,0
"SATIPO",91233462.72,65273475.3,75,20336,15
"COVIRIALI",7658199.07,6738317.94,1,2600,4
"LLAYLLA",8737914.93,6475636.52,0,1500,0
"MAZAMARI",47667657.71,35274660.92,28,6135,6
"PAMPA HERMOSA",7596005.22,6337880.03,4,390,4
"PANGOA",56984659.57,44922639.09,26,16130,2
"RIO NEGRO",29502210.96,19671581.61,5,3150,2
"RIO TAMBO",57836764.12,31899276.41,2,4500,0
"VIZCATÁN DEL ENE",4987448.45,4150502.38,2,500,3
"TARMA",39009062.79,34106986.81,89,37800,12
"ACOBAMBA",5624954.52,4414364.65,3,5000,7
"HUARICOLCA",5527748.37,5260143,0,15,0
"HUASAHUASI",10278951.07,7326985.69,4,3500,3
"LA UNION",7973072.92,5902464.04,5,2075,0
"PALCA",3942783.99,3552161.12,2,1150,1
"PALCAMAYO",4666235.03,4051893.72,1,1700,1
"SAN PEDRO DE CAJAS",2933963.38,2634314.27,3,1000,0
"TAPO",3683633.06,3357233.38,4,1600,1
"LA OROYA",29399040.92,25934729,32,8500,0
"CHACAPALPA",2105064.47,1471570.28,0,380,0
"HUAY-HUAY",3871569.5,3532256.91,0,1216,0
"MARCAPOMACOCHA",6442621.32,3680275.88,0,384,0
"MOROCOCHA",20096890.91,13013248.76,18,2098,0
"PACCHA",3903829.22,2521669.68,2,561,0
"SANTA BARBARA DE CARHUACAYAN",18105287.43,6014611.46,0,773,0
"SANTA ROSA DE SACCO",6955154.52,5892865.47,25,3200,0
"SUITUCANCHA",3853924.13,1633572.64,0,260,0
"YAULI",12506249.2,7652190.74,6,5200,0
"CHUPACA",27960522.83,21044000.24,14,18000,0
"AHUAC",5646956.38,4800330.59,6,1500,0
"CHONGOS BAJO",2016117.86,1744798.13,6,820,0
"HUACHAC",2020051.53,2021274.51,1,590,0
"HUAMANCACA CHICO",7915911.35,7145783.75,3,3600,1
"SAN JUAN DE ISCOS",2581178.32,2576492.65,0,13798.4666666667,0
"SAN JUAN DE JARPA",1582751.31,1400314.13,0,80,0
"TRES DE DICIEMBRE",1657608.94,2552630.34,5,2000,0
"YANACANCHA",8601569.95,8192894.93,0,300,0
"TRUJILLO",280909969.51,242860740.41,0,596000,102
"EL PORVENIR",68160994.41,45418763.72,53,115236,81
"FLORENCIA DE MORA",29897261.36,12890159.76,31,21000,19
"HUANCHACO",67139976.32,57692029.32,109,41897,0
"LA ESPERANZA",75459364.12,60933489.12,69,130480,156
"LAREDO",39473873.66,36934000.78,10,22500,9
"MOCHE",29061053.93,25134054.3,74,30000,8
"POROTO",8496600.39,7685840.81,0,4500,0
"SALAVERRY",19290397.82,14000111.85,24,40000,0
"SIMBAL",10486989.93,8817778.73,0,6000,0
"VICTOR LARCO HERRERA",44470663.95,34218571.79,88,57000,47
"ASCOPE",58253277.6,60447924.45,47,3346,13
"CHICAMA",40323825.34,39242489.54,18,9000,7
"CHOCOPE",13191698.52,11367333.38,15,6000,0
"MAGDALENA DE CAO",5679237.47,5435590.31,5,2037,0
"PAIJAN",27384520.36,20832283.47,21,22000,26
"RAZURI",18412471.94,12340820.86,38,7000,0
"SANTIAGO DE CAO",37786067.02,33803996.24,34,10000,15
"CASA GRANDE",37488457.52,36751437.71,52,23400,43
"BOLIVAR",16247322.68,15000810.76,0,2000,0
"BAMBAMARCA",2841983.4,1753308.59,0,500,0
"CONDORMARCA",4938671.5,3545113.01,0,600,0
"LONGOTEA",1222129.12,1779783.49,4,1000,2
"UCHUMARCA",2065418.83,1482441.82,0,400,0
"UCUNCHA",1203699.2,835796.52,0,60,0
"CHEPEN",46133168.96,41051640.44,89,55000,0
"PACANGA",36526143.64,34873236.58,18,10000,2
"PUEBLO NUEVO",11766072.34,11640609.43,21,12000,7
"JULCAN",39010562.35,32867464.86,5,4150,0
"CALAMARCA",9744769.45,7283973.6,7,100,0
"CARABAMBA",10555095.03,9792955.17,4,190,0
"HUASO",9898447.56,10723838.85,3,20,0
"OTUZCO",61404374.41,50177051.8,59,12000,5
"AGALLPAMPA",13964140.29,9885836.21,0,420,0
"CHARAT",11848163.59,8634498.79,1,50,0
"HUARANCHAL",7770733.56,7034913.28,0,200,0
"LA CUESTA",2774334.6,2527213.07,0,40,0
"MACHE",6448877.72,7097466.17,0,2000,0
"PARANDAY",6880606.69,6542617.3,0,320,0
"SALPO",16892701.57,16146130.17,0,1000,0
"SINSICAP",16935684.87,14382276.86,0,485,0
"USQUIL",26567507.07,27795525.83,8,2700,3
"SAN PEDRO DE LLOC",21847095.33,23940888.64,71,20000,38
"GUADALUPE",40681890.98,36830098.36,91,25000,0
"JEQUETEPEQUE",2646077.48,2712102.74,10,9734,0
"PACASMAYO",24970923.43,21183314.26,36,28500,37
"SAN JOSE",16943031.31,26013466.41,23,17000,1
"TAYABAMBA",63627767.3,52113904.53,8,3420,0
"BULDIBUYO",7346777.68,4525078.24,5,1000,0
"CHILLIA",37120050.48,30445112.46,1,2200,0
"HUANCASPATA",13987469.2,8584942.43,0,426,0
"HUAYLILLAS",4955171.74,3802550.17,0,1000,1
"HUAYO",8015935.3,4726617.21,4,150,0
"ONGON",8729726.68,4254712.7,0,60,0
"PARCOY",56437256.92,39803790.07,30,14000,0
"PATAZ",51211751.96,22744035.99,0,7500,0
"PIAS",11972613.21,12015756.57,0,70,0
"SANTIAGO DE CHALLAS",3249944.38,3185006.58,0,2000,0
"TAURIJA",4443492.36,4185647.62,2,120,0
"URPAY",3614444.47,3272456.02,1,1000,0
"HUAMACHUCO",223822573.18,117657556.05,44,50000,43
"CHUGAY",35023456.07,26542562.85,9,1000,0
"COCHORCO",11043932.13,8591556.34,0,500,0
"CURGOS",23930823.28,23924839.37,0,1900,0
"MARCABAL",40044440.87,31527783.82,1,2000,0
"SANAGORAN",30570277.51,24038070.5,1,3200,0
"SARIN",17558723.93,12443046.61,1,1000,2
"SARTIMBAMBA",22857317.99,17719882.6,0,500,0
"SANTIAGO DE CHUCO",61237838.01,52679737.02,8,8000,1
"ANGASMARCA",10335432.45,8240268.72,3,1248,1
"CACHICADAN",18412339.26,17350385.37,11,836,0
"MOLLEBAMBA",2057156.31,1575389.86,0,300,0
"MOLLEPATA",12041304.87,10511288.95,0,100,0
"QUIRUVILCA",16702329.73,15067201.29,0,2000,0
"SANTA CRUZ DE CHUCA",3220809.94,2148914.05,1,2000,2
"SITABAMBA",4005373.4,3668976.37,0,600,0
"CASCAS",51811965.7,36859446.99,10,8000,0
"LUCMA",9503416.69,5996719.26,3,800,0
"MARMOT",2014074.43,1298772.84,5,1500,0
"SAYAPULLO",15990241.06,10410964.04,2,2000,3
"VIRU",121521073.26,99774760.47,41,13000,19
"CHAO",61439500.44,57362700.29,41,25000,7
"GUADALUPITO",9253869.82,5292979.11,0,13300,0
"CHICLAYO",198701817.09,142440805.15,894,266568,4
"CHONGOYAPE",15055228.77,15166616.41,18,7307,14
"ETEN",9097475.84,8413984.46,12,8431,7
"ETEN PUERTO",2012881.38,2322433.87,10,1500,0
"JOSE LEONARDO ORTIZ",56816042.79,41764685.42,168,182000,0
"LA VICTORIA",28058517.74,21271530.16,106,96000,22
"LAGUNAS",10321860.54,9805949.14,14,1500,0
"MONSEFU",15014914.72,14415062.15,23,25000,3
"NUEVA ARICA",7095009.7,5917796.09,5,5000,0
"OYOTUN",9168089.91,8711320.5,10,7200,1
"PICSI",2943969.81,3090746.84,4,7200,0
"PIMENTEL",32046225.47,26102890.57,64,51490,29
"REQUE",7411333.99,6285631.07,35,12880,0
"SANTA ROSA",8755529.19,9143615.87,20,6964,0
"SAÑA",8794201.84,8518086.37,6,20160,1
"CAYALTI",16944669.12,15719206.59,12,17000,0
"PATAPO",12852617.07,11788416.12,32,12500,6
"POMALCA",12294959.49,15069828.95,37,12500,10
"PUCALA",3353354.13,2786334.91,13,6000,6
"TUMAN",14363338.01,12260463.67,5,16500,17
"FERREÑAFE",40328938.95,40348235.92,38,29500,0
"CAÑARIS",44982345.25,44373301.54,0,243,0
"INCAHUASI",46049567.32,39682180.38,0,500,0
"MANUEL ANTONIO MESONES MURO",5914302.99,5321630.79,17,4720,0
"PITIPO",17299146.51,17489639.62,56,32300,5
"PUEBLO NUEVO",6553526.5,6674620.15,13,12000,0
"LAMBAYEQUE",110339979.77,86380724.57,84,50000,61
"CHOCHOPE",2440083.82,1660239.58,1,250,0
"ILLIMO",7751675.77,7008586.2,11,3319,0
"JAYANCA",23820322.93,20282901.73,18,10000,0
"MOCHUMI",21202037.61,16723088.25,18,9000,4
"MORROPE",50571862.2,46065345.83,74,5339,6
"MOTUPE",30371725.53,21997673.84,77,18000,9
"OLMOS",59860825.2,43017036.91,8,17000,5
"PACORA",11314023.25,8035525.73,9,13000,0
"SALAS",8386121.57,7495913.83,4,500,0
"SAN JOSE",8497249.29,6767780.69,13,5460,1
"TUCUME",26210015.55,22559477.36,10,4000,6
"LIMA",2093521182.05,1768892420.36,0,528632,219
"ANCON",28611773.9,27836389.97,28,43801,3
"ATE",266539206.39,251835532.57,1001,706385,626
"BARRANCO",39722637.07,35030240.41,53,45920,1
"BREÑA",41395881.82,30094419.66,79,99510,0
"CARABAYLLO",106580406.13,113237473.99,217,464142,21
"CHACLACAYO",21673340.07,20105412.65,54,37000,8
"CHORRILLOS",171517231.38,117480820.63,317,378000,52
"CIENEGUILLA",44456360.59,30971909.75,29,22400,0
"COMAS",115994957.84,124059220.97,151,710040,17
"EL AGUSTINO",53502655.24,55735911.08,46,260000,9
"INDEPENDENCIA",62581761.12,56443467.79,100,251440,1
"JESUS MARIA",82514774.92,81069335.85,10,86000,0
"LA MOLINA",149898797.58,145155226.27,7,158000,0
"LA VICTORIA",121617542.89,117548514.34,90,393944,16
"LINCE",63524370.48,51427318.24,1,66789,0
"LOS OLIVOS",79817038.31,80457250.61,199,383450,41
"LURIGANCHO",143887819.53,113573951.36,212,160964,3
"LURIN",84988848.37,80227824.5,115,160351,7
"MAGDALENA DEL MAR",68986412.73,57221489.18,94,68861,0
"PUEBLO LIBRE",52471242.44,49929286.33,124,86160,0
"MIRAFLORES",243566204.11,215408917.29,72,179795,0
"PACHACAMAC",72910388.16,73839242.01,84,134400,39
"PUCUSANA",21855099.25,19641311.96,29,14654,0
"PUENTE PIEDRA",144229985.24,119034112.35,360,371470,4
"PUNTA HERMOSA",22245622.77,20391533.89,9,12475,0
"PUNTA NEGRA",13923232.71,9967527.82,29,6000,0
"RIMAC",41414840.75,39338440.2,63,229880,0
"SAN BARTOLO",12432416.5,10680541.59,20,8513,0
"SAN BORJA",147380755.95,122294790.12,53,111746,0
"SAN ISIDRO",302181639.32,251215297.41,49,115354,4
"SAN JUAN DE LURIGANCHO",231071549.08,187834260.39,280,1113310,0
"SAN JUAN DE MIRAFLORES",86073711.93,78321695.88,52,520260,9
"SAN LUIS",31383673.16,28717617.24,35,80980,14
"SAN MARTIN DE PORRES",140382865.34,145227540.57,200,819848,23
"SAN MIGUEL",90903769.17,84022682.45,301,153303,35
"SANTA ANITA",74819295.14,63854562.21,128,263000,0
"SANTA MARIA DEL MAR",9503748.98,9071760.63,22,2680,1
"SANTA ROSA",13072294.56,12806258.48,12,19000,0
"SANTIAGO DE SURCO",350765931.95,254530818.44,367,467181,52
"SURQUILLO",56913268.81,53760359.03,110,120005,0
"VILLA EL SALVADOR",156726971.22,135489802.4,157,368628,17
"VILLA MARIA DEL TRIUNFO",127354702.96,102296624.96,139,361260,0
"BARRANCA",48908590.8,43886995.92,152,91000,6
"PARAMONGA",17350990.4,16434991.73,19,28000,2
"PATIVILCA",13295526.58,9540314.05,15,13000,0
"SUPE",15720139.97,11674415.07,43,20000,8
"SUPE PUERTO",6915782.95,6259907.66,13,10200,1
"CAJATAMBO",15373810.22,13077014.64,1,2500,0
"COPA",2886897.84,2353353.04,0,40,0
"GORGOR",2712985.99,2357147.54,0,40,0
"HUANCAPON",5591777.37,5466290.8,1,100,0
"MANAS",1797059.11,1179453.59,1,300,0
"CANTA",10264188.61,9013680.17,0,2000,0
"ARAHUAY",2833169.79,2463460.25,0,180,0
"HUAMANTANGA",1491034.06,1248055.73,2,50,0
"HUAROS",1502228.1,883470.31,0,50,0
"LACHAQUI",2800155.39,2265323.35,0,70,0
"SAN BUENAVENTURA",1614198.18,1244756.6,0,50,0
"SANTA ROSA DE QUIVES",5982837.36,3820778.16,5,4500,2
"SAN VICENTE DE CAÑETE",80970348.03,59646186.03,164,45000,0
"ASIA",37060819.63,26325723.31,18,7000,67
"CALANGO",4952159.7,4246881.08,5,2000,0
"CERRO AZUL",15059263.02,13095892.02,35,3990,11
"CHILCA",40438851.19,24020316.91,5,30000,0
"COAYLLO",3208684.93,2114334.8,0,1500,0
"IMPERIAL",23364462.03,19095724.08,91,40000,45
"LUNAHUANA",7824129.84,4931640.19,10,4050,0
"MALA",48570050.01,27551012.53,69,41564,26
"NUEVO IMPERIAL",18375992.89,15948684.91,27,9000,0
"PACARAN",13563700.77,12501629.41,0,890,0
"QUILMANA",14165849.97,11506576.73,29,20600,3
"SAN ANTONIO",16915646.57,8486219.72,20,4900,0
"SAN LUIS",13942162.46,9540698.52,5,6000,0
"SANTA CRUZ DE FLORES",13696402.6,12954430.17,6,2500,0
"ZUÑIGA",6550928.56,3408216.52,1,2500,0
"HUARAL",141555011.98,51345403.73,192,92586,0
"ATAVILLOS ALTO",2293091.09,1664601.78,0,75,0
"ATAVILLOS BAJO",2061810.7,1941488.43,0,550,0
"AUCALLAMA",14086884.27,12952977.92,13,18000,3
"CHANCAY",51446495.56,39056049.38,95,45000,25
"IHUARI",9164322.7,8611847.32,0,52,0
"LAMPIAN",2609109.65,2390260.67,0,100,0
"PACARAOS",4837371.54,4415285.23,0,13798.4666666667,0
"SAN MIGUEL DE ACOS",1374191.07,1243649.31,0,760,0
"SANTA CRUZ DE ANDAMARCA",4975898.34,3838341.96,0,250,0
"SUMBILCA",4547827.99,2964857.09,0,200,0
"VEINTISIETE DE NOVIEMBRE",1777344.39,1582486.37,0,325,0
"MATUCANA",62012114.54,62611185.92,18,4500,0
"ANTIOQUIA",4308048.78,3923513.07,0,700,0
"CALLAHUANCA",6222635.54,5744275.95,0,160,0
"CARAMPOMA",3489259.66,2164851.89,0,450,0
"CHICLA",8186136.68,3704987.85,0,1200,0
"CUENCA",1350145.53,1357886.44,0,600,0
"HUACHUPAMPA",3022448.15,4371971.56,0,100,0
"HUANZA",3461359.96,2326772.61,0,156,0
"HUAROCHIRI",2593878.27,2454597.63,0,500,0
"LAHUAYTAMBO",1258678.56,1184943.93,0,25,0
"LANGA",1383883.73,1206169.81,0,45,0
"SAN PEDRO DE LARAOS",5428647.74,5136958.15,0,120,0
"MARIATANA",2837143.44,2463381.06,0,165,0
"RICARDO PALMA",4470925.58,4239319.47,1,5700,0
"SAN ANDRES DE TUPICOCHA",6950898.41,6395377.24,0,800,0
"SAN ANTONIO",24777227.79,26318135.53,30,50000,0
"SAN BARTOLOME",7904717.62,7367186.15,0,856,0
"SAN DAMIAN",3266494.42,2823633.98,0,80,0
"SAN JUAN DE IRIS",1772429.97,1509171.94,0,150,0
"SAN JUAN DE TANTARANCHE",2596171.36,1987495.23,0,20,0
"SAN LORENZO DE QUINTI",1894650.62,1907307.32,0,320,1
"SAN MATEO",8653252.63,7057179.79,0,2000,1
"SAN MATEO DE OTAO",2121118.48,2069881.13,0,15,0
"SAN PEDRO DE CASTA",8645629.5,8298129.05,0,150,0
"SAN PEDRO DE HUANCAYRE",1257068.78,1027041.3,2,200,0
"SANGALLAYA",4492447.92,4480465.29,0,345,0
"SANTA CRUZ DE COCACHACRA",8210596.73,6862334.18,0,3000,0
"SANTA EULALIA",19679331.41,17448472.96,0,10000,0
"SANTIAGO DE ANCHUCAYA",1873200,1802694.99,0,91,0
"SANTIAGO DE TUNA",5869674.54,5864467.12,0,70,0
"SANTO DOMINGO DE LOS OLLEROS",8947204.99,5796785.55,0,2800,0
"SURCO",4423798.31,3411276.76,1,2500,0
"HUACHO",65196628.11,46069023.44,58,7200,26
"AMBAR",4899441.97,4050583,2,60,1
"CALETA DE CARQUIN",4249840.65,3618090.23,2,6000,0
"CHECRAS",1767466.89,1384084.78,0,13798.4666666667,0
"HUALMAY",11802452.34,10017217.86,42,20000,10
"HUAURA",18342055.47,19208983.78,10,4500,11
"LEONCIO PRADO",5688269.26,5315144.27,0,500,0
"PACCHO",7224472.21,6844087.87,0,1000,0
"SANTA LEONOR",2351934.82,2262178.7,0,13798.4666666667,0
"SANTA MARIA",18613994.98,14989320.71,22,28000,0
"SAYAN",16147195.61,12884296.37,17,17400,2
"VEGUETA",17957232.27,16239204.38,6,9000,2
"OYON",20915787.5,20849373.61,9,5000,8
"ANDAJES",2285262.14,1390076.16,1,11,0
"CAUJUL",1125397.09,1138258.98,0,50,0
"COCHAMARCA",9071132.77,9037369.98,0,300,0
"NAVAN",3363128.5,2959611.74,0,150,0
"PACHANGARA",5360925.98,2834220.11,4,1670,2
"YAUYOS",38710444.99,43904623.6,4,1540,0
"ALIS",4901620.94,2457882.81,0,30,0
"ALLAUCA",14146775.14,13671020.19,0,80,0
"AYAVIRI",997797.76,874007.65,0,230,0
"AZANGARO",1545296.36,1687301.1,0,500,0
"CACRA",2362680.79,2230770.11,4,129,0
"CARANIA",3356807.81,2748328.61,4,50,0
"CATAHUASI",2488559.75,2052199.44,0,500,0
"CHOCOS",3959007.13,3422693.87,0,500,0
"COCHAS",868305.53,852874.79,1,720,0
"COLONIA",2410811.25,1503947.99,0,200,0
"HONGOS",1163172.83,862545.25,0,100,0
"HUAMPARA",974391.03,864860.27,0,200,0
"HUANCAYA",1544041.63,1006180.56,0,300,0
"HUANGASCAR",1671076.61,1572185.52,0,100,0
"HUANTAN",12170145.87,10878935.82,0,250,0
"HUAÑEC",2054334.72,1576752.21,0,80,0
"LARAOS",2740565.86,2714111.74,0,300,0
"LINCHA",2932283.64,2149686.59,1,20,0
"MADEAN",1931617,1945772.76,0,114,0
"MIRAFLORES",3621481.55,2939004.81,2,83,0
"OMAS",1261030.89,1038985.21,0,350,0
"PUTINZA",2434799.81,2362534.63,1,300,0
"QUINCHES",1955132.56,1207374.07,0,95,0
"QUINOCAY",2218264.51,2141156.8,0,1000,0
"SAN JOAQUIN",837007.8,740477.12,0,40,0
"SAN PEDRO DE PILAS",956493.27,582189.37,0,120,0
"TANTA",1491197.84,1153552.3,0,82,0
"TAURIPAMPA",2144780.72,1220908.05,0,200,0
"TOMAS",2798952.91,2761108.79,0,150,0
"TUPE",1935224.45,1570940.38,0,10,0
"VIÑAC",3395283.73,3271453.13,0,18,0
"VITIS",949304.39,730142.15,0,80,0
"IQUITOS",110028202.22,116465235.85,263,160000,4
"ALTO NANAY",4529864.23,4727490.1,0,4000,0
"FERNANDO LORES",12516817.19,11847872.41,6,3000,5
"INDIANA",6687600.78,7010473.79,11,3000,0
"LAS AMAZONAS",6715936.74,6787261.17,0,250,0
"MAZAN",8604908.69,8488868.38,5,3500,0
"NAPO",11405208.34,11826570.78,0,300,3
"PUNCHANA",22198853.43,22540615.75,25,50000,4
"TORRES CAUSANA",4947334.34,5000034.59,0,400,0
"BELEN",32849567.19,31626929.62,31,50000,3
"SAN JUAN BAUTISTA",62334947.03,62204838.87,39,90000,0
"YURIMAGUAS",80913975.45,88934363.47,9,44930,0
"BALSAPUERTO",10520157.4,13661074.02,0,2000,0
"JEBEROS",4301353.87,4207021.69,0,350,0
"LAGUNAS",13692673.24,13848032.41,0,6000,0
"SANTA CRUZ",8906909.04,7448208.16,0,3000,1
"TENIENTE CESAR LOPEZ ROJAS",5884349.7,5774041.39,0,3462,0
"NAUTA",64665902.34,63124207.53,9,15500,2
"PARINARI",9720243.98,11629020.73,0,1952,0
"TIGRE",17628164.13,17509376.14,1,1250,0
"TROMPETEROS",20767931.45,20765978.4,0,800,0
"URARINAS",12926658.27,12862435.75,0,600,0
"RAMON CASTILLA",31183824.26,20788199.13,5,7500,0
"PEBAS",12115558.68,11465684.18,0,1975,0
"YAVARI",11428183.89,11715660.25,0,700,0
"SAN PABLO",12581680.31,10168899.43,0,3000,0
"REQUENA",23542940.17,24345975.75,0,28000,0
"ALTO TAPICHE",3068116.05,3240842.54,0,500,0
"CAPELO",2716394.08,4399361.88,10,450,0
"EMILIO SAN MARTIN",4428638.32,4483672.44,0,300,0
"MAQUIA",6384054.88,6554148.06,0,500,0
"PUINAHUA",4835285.87,6200837.98,0,200,0
"SAQUENA",4799554.51,4810808.24,3,100,0
"SOPLIN",11343849.4,11516210.57,0,50,0
"TAPICHE",1635036.43,2523331.57,0,60,0
"JENARO HERRERA",2872847.13,3073462.22,0,3700,0
"YAQUERANA",2373406.75,2384214.85,0,500,0
"CONTAMANA",26264635.12,34676734.02,17,18000,0
"INAHUAYA",12310130.6,11783504.85,0,200,0
"PADRE MARQUEZ",3887974.53,3773624.24,1,700,0
"PAMPA HERMOSA",6660246.2,6775582.11,1,400,0
"SARAYACU",9109811.68,9369813.49,0,2700,0
"VARGAS GUERRA",5439794.93,4500684.11,0,2348,0
"BARRANCA",31918306.73,31280206.48,3,15000,0
"CAHUAPANAS",6267469.35,8664256.67,0,35,0
"MANSERICHE",7670151.66,6751620.16,0,3000,0
"MORONA",9560153.6,9628829.38,0,800,0
"PASTAZA",12041322.52,14271372.37,0,200,0
"ANDOAS",10810095.02,10951880.45,0,500,0
"PUTUMAYO",4410897.24,9394355.04,0,4000,0
"ROSA PANDURO",1716589.94,1377444,0,10,0
"TENIENTE MANUEL CLAVERO",8183939.96,8204137.96,0,500,0
"YAGUAS",1197338.56,1223587.23,1,300,0
"TAMBOPATA",71592502.78,63866447.17,0,75000,0
"INAMBARI",18038297.49,14987488.3,10,25000,0
"LAS PIEDRAS",9668881.1,6630765.36,0,6200,0
"LABERINTO",6986698.19,5675468.61,6,8000,0
"MANU",7265211.16,7756149.47,0,300,0
"FITZCARRALD",1516298.6,1416807.55,0,600,0
"MADRE DE DIOS",12434172.92,11052052.45,0,6000,0
"HUEPETUHE",10874343.34,5890458.32,2,2181,0
"IÑAPARI",25547170.33,22474671.34,12,1400,1
"IBERIA",8269807.97,7572180.43,0,5100,0
"TAHUAMANU",2513405.64,2308060.7,0,500,0
"MOQUEGUA",265751853.31,187820369.07,122,77000,0
"CARUMAS",14141261.95,10632285.29,22,2580,0
"CUCHUMBAYA",3931663.42,3287975.31,4,146,3
"SAMEGUA",26925871.17,14421571.68,4,7500,3
"SAN CRISTOBAL",10602185.9,8395549.3,7,2000,0
"TORATA",91294900.45,65199126.46,21,2500,22
"OMATE",48001597.77,40960691.81,0,100,1
"CHOJATA",4738086.68,4013664.59,0,71,0
"COALAQUE",2601445.7,2132342.67,1,1500,0
"ICHUÑA",13791127.12,12730466.93,1,1200,3
"LA CAPILLA",6746740.14,6050143.24,0,10,0
"LLOQUE",2475941.65,2132701.76,0,430,0
"MATALAQUE",2085770.2,1500762.06,0,62,0
"PUQUINA",4548713.11,5379054.77,1,800,0
"QUINISTAQUILLAS",1459296.68,1417851.21,0,1200,0
"UBINAS",6564863.9,6709491.71,0,150,0
"YUNGA",4311522.2,3191961.58,0,35,0
"ILO",119090712.72,84793247.18,19,57800,0
"EL ALGARROBAL",37628419.79,13140107.58,1,1714,1
"PACOCHA",9058296.46,7400553.8,14,3000,4
"CHAUPIMARCA",48031693.49,41722536.5,70,28000,32
"HUACHON",4110304.89,4096066.18,10,1500,0
"HUARIACA",10841874.52,5143090.92,5,5420,7
"HUAYLLAY",17262427.55,16165419.42,17,4050,1
"NINACACA",3953922.43,3588008.8,0,1500,0
"PALLANCHACRA",3140194.3,3031222.71,8,325,1
"PAUCARTAMBO",29795898.19,29400935.66,0,4100,0
"SAN FRANCISCO DE ASIS DE YARUSYACAN",5717740.36,4844240.4,5,1300,2
"SIMON BOLIVAR",13122718.03,8883073.07,6,4500,3
"TICLACAYAN",13443029.72,7722303.78,7,1850,0
"TINYAHUARCO",5916947.22,5509425.04,0,3150,0
"VICCO",2489191.97,1692864.09,0,470,0
"YANACANCHA",17914376.32,17794363.82,67,29000,16
"YANAHUANCA",18477574.67,19852411.67,0,9500,0
"CHACAYAN",2747988.09,2583214.48,6,800,0
"GOYLLARISQUIZGA",2297662.37,1642835.15,0,1000,0
"PAUCAR",1434665.1,1614242.9,0,643,1
"SAN PEDRO DE PILLAO",2770939.47,2808162.68,0,800,0
"SANTA ANA DE TUSI",22796474.46,16207270.22,0,1500,0
"TAPUC",2683071.41,2366922.1,0,960,0
"VILCABAMBA",3536308.48,3506625.82,0,50,0
"OXAPAMPA",34071025.37,34936967.29,5,11143,1
"CHONTABAMBA",9144571.96,7518194.72,3,5300,4
"HUANCABAMBA",6738096.39,6417789.74,0,1440,0
"PALCAZU",7892133.04,6610455.26,4,2000,1
"POZUZO",7015354.66,6527254.36,5,1038,0
"PUERTO BERMUDEZ",43656768.19,14501322.17,22,6000,6
"VILLA RICA",15799660.79,15262088.18,17,8000,4
"CONSTITUCIÓN",15240588.02,13779090.5,2,8000,1
"PIURA",259309348.86,216467936.69,453,194428,180
"CASTILLA",110946665.66,99926979.2,343,116811,14
"CATACAOS",30407097.77,24732083.25,21,25000,0
"CURA MORI",30960438.69,31784972.64,21,6800,6
"EL TALLAN",15819608,15420679.13,1,1220,8
"LA ARENA",54524228.41,54251539.17,2,9000,3
"LA UNION",26853623.51,25113046.13,24,26470,3
"LAS LOMAS",48671896.9,44341430.84,4,15000,0
"TAMBO GRANDE",121100869.88,96133187.75,30,40000,0
"VEINTISÉIS DE OCTUBRE",113030838.47,83344097.19,169,104000,3
"AYABACA",99065983.63,74761591.51,13,6000,0
"FRIAS",47880819.2,34723689.75,0,1500,0
"JILILI",3264390.72,3336309.96,0,1630,0
"LAGUNAS",7945911.98,5681630.19,1,1000,0
"MONTERO",18224910.6,18148021.23,0,200,0
"PACAIPAMPA",31315868.22,23225162.59,0,2040,0
"PAIMAS",11819389.47,11366050.2,2,2000,0
"SAPILLICA",34610266.53,29528477.86,0,700,5
"SICCHEZ",4255351.51,4223217.41,0,883,0
"SUYO",22539546.29,12888165.98,0,8000,14
"HUANCABAMBA",66861115.51,50403727.53,0,12000,0
"CANCHAQUE",28146858.92,39771313.33,1,3455,0
"EL CARMEN DE LA FRONTERA",45871104.81,38263049.38,0,3020,2
"HUARMACA",105433573.72,89375901.88,0,7500,0
"LALAQUIZ",4381419.43,4048310,0,300,0
"SAN MIGUEL DE EL FAIQUE",23245376.07,26605045.37,1,6060,0
"SONDOR",9582069.97,9431954.24,2,600,0
"SONDORILLO",43513250.49,40794847.84,2,900,0
"CHULUCANAS",135769578.92,118389768.28,35,60000,0
"BUENOS AIRES",12914005.46,17973439.72,1,3840,1
"CHALACO",34755704.04,33327433.01,0,2500,0
"LA MATANZA",9848142.49,8401378.73,3,5000,0
"MORROPON",11181433.2,10465615.33,3,9000,0
"SALITRAL",8015829.54,7742578.45,5,1000,0
"SAN JUAN DE BIGOTE",4747076.38,4378954.54,0,800,0
"SANTA CATALINA DE MOSSA",9492574.01,11835152.62,0,150,0
"SANTO DOMINGO",13707608.31,13894240.85,3,1050,0
"YAMANGO",29523329.65,29420031.43,0,416,0
"PAITA",121275553.14,85644717.4,0,70000,0
"AMOTAPE",2911089.61,2128610.41,1,1500,1
"ARENAL",3511299.83,1726446.42,2,500,0
"COLAN",15367328.58,13592405.46,2,5000,0
"LA HUACA",15878094.11,12719609.12,6,6750,0
"TAMARINDO",8822488.58,8121151.99,4,1500,0
"VICHAYAL",9871172.62,7699116.06,3,6500,0
"SULLANA",145306022.1,139586601.13,353,78676,72
"BELLAVISTA",20997685.25,23813913.74,38,10000,4
"IGNACIO ESCUDERO",19698974.98,18884672.69,4,7000,0
"LANCONES",16462429.31,14289938.9,3,850,0
"MARCAVELICA",38159332.39,35509266.34,13,15000,3
"MIGUEL CHECA",7027051.83,6301872.16,7,5000,0
"QUERECOTILLO",38779238.95,34888132.88,6,6700,0
"SALITRAL",6430899.18,6225805.35,8,4000,0
"PARIÑAS",162600847.91,113842145.65,58,77000,22
"EL ALTO",37344858.98,29056564.56,1,16000,0
"LA BREA",25437375.92,21241818.89,8,8400,0
"LOBITOS",19053904.18,6092735.8,0,3650,0
"LOS ORGANOS",19593824.69,12619052.06,28,11000,16
"MANCORA",22159823.4,19192883.39,36,12000,2
"SECHURA",101154873.69,67336622.35,34,24000,3
"BELLAVISTA DE LA UNION",3137635.56,2862507.54,1,7500,0
"BERNAL",27228921.27,28572111.15,0,5000,0
"CRISTO NOS VALGA",4660793.34,3336518.41,2,1500,0
"VICE",19377120.74,14413638.71,2,1000,1
"RINCONADA LLICUAR",6387807.23,5753086.88,0,5600,0
"PUNO",95448195.22,90131543.74,123,95000,20
"ACORA",13651999.43,10563667.95,2,4700,0
"AMANTANI",2969881.78,2211686.71,0,12,0
"ATUNCOLLA",4777189.41,5345345.89,0,80,0
"CAPACHICA",16171650.22,15894827.81,0,1500,0
"CHUCUITO",3608795.78,3725803.28,0,350,0
"COATA",3516147.07,4235414.63,0,200,0
"HUATA",5214004.64,5283827.02,3,600,2
"MAÑAZO",5203391.39,5354310.83,0,700,0
"PAUCARCOLLA",4387510.95,3288088.01,3,180,2
"PICHACANI",7105300.28,5710933.1,0,180,0
"PLATERIA",4715524.17,4449081.24,1,50,0
"SAN ANTONIO",2915434.32,3008390.08,0,117,0
"TIQUILLACA",1780149.91,2429618.97,0,142,2
"VILQUE",3177058.6,4533417.61,0,400,1
"AZANGARO",64926259.12,63136303.92,9,20000,0
"ACHAYA",9563931.75,10003208.79,0,40,0
"ARAPA",14833192.89,15811085.59,1,580,0
"ASILLO",14192883.09,14520546.51,0,300,0
"CAMINACA",3949166.22,2773445.29,0,150,0
"CHUPA",10552961.9,9928889.02,0,100,0
"JOSE DOMINGO CHOQUEHUANCA",3843524.21,3327707.59,0,435,0
"MUÑANI",13566773.15,6360350.49,0,1400,0
"POTONI",11103254.13,8612015.26,0,2000,0
"SAMAN",7923212.73,8170656.66,0,490,0
"SAN ANTON",8805725.32,8483671.83,0,648,0
"SAN JOSE",4006811.78,4052589.28,0,280,0
"SAN JUAN DE SALINAS",5045044.46,4066577.66,0,30,0
"SANTIAGO DE PUPUJA",6442439.75,4833250.09,0,55,0
"TIRAPATA",5075698.58,6075096.11,0,100,0
"MACUSANI",52473313.45,40654796.89,0,6000,0
"AJOYANI",8795891.79,6614284.07,0,400,0
"AYAPATA",11179379.54,10456129.55,0,2000,0
"COASA",8553953.01,8420525.99,0,2700,0
"CORANI",7823981.76,13248103.45,0,400,0
"CRUCERO",7098958.79,7332572.65,8,612,11
"ITUATA",7490181.73,7373082.69,0,950,0
"OLLACHEA",7422483.89,6538384.27,0,3000,0
"SAN GABAN",11333746.15,8734538.64,4,1430,4
"USICAYOS",13964327.47,11631150.37,0,1080,0
"JULI",76094805.27,62308463.76,13,40400,7
"DESAGUADERO",17815312.33,10741419.62,0,6400,0
"HUACULLANI",12688982.79,12055184.6,0,450,0
"KELLUYO",10709137.37,10352886.44,0,1578,0
"PISACOMA",9782404.12,7458579.85,7,550,6
"POMATA",9742965.13,9842399.79,0,1505,0
"ZEPITA",20100015.22,9669703.66,0,560,0
"ILAVE",60410219.02,53810806.94,0,16000,0
"CAPAZO",2402769.21,2233462.34,0,20,2
"PILCUYO",6760090.22,6921368,14,300,0
"SANTA ROSA",6995025.07,5356573.75,0,2000,0
"CONDURIRI",5669957.62,3591669.48,0,1000,0
"HUANCANE",33747472.29,34580486.36,1,3000,0
"COJATA",8461272.35,7163074.15,10,500,0
"HUATASANI",3029349.3,3167320.84,0,345,0
"INCHUPALLA",2841285.96,2861213.43,0,95,0
"PUSI",7816000.17,8002690.1,1,100,0
"ROSASPATA",4057485.02,2479313.9,0,12,0
"TARACO",9265185.89,7037371.84,0,600,0
"VILQUE CHICO",8394020.24,7625742.07,0,335,0
"LAMPA",27199866.92,28143168.63,11,1500,0
"CABANILLA",6962313.35,6947554.79,0,201,0
"CALAPUJA",5086605.37,4234172.31,5,20,1
"NICASIO",2229710.34,2309848.35,0,100,0
"OCUVIRI",5156251.9,3226732.2,0,400,0
"PALCA",4289171.21,4380662.09,0,250,0
"PARATIA",5349138.36,3779289.87,0,84,0
"PUCARA",3034816.56,3170096.18,0,800,0
"SANTA LUCIA",10703708.08,9219271.13,0,12000,0
"VILAVILA",5910565.73,5797037.07,0,150,0
"AYAVIRI",38640124.87,39743509.5,0,17000,0
"ANTAUTA",10261778.84,8251115.41,0,500,0
"CUPI",3250531.21,2610972.89,1,100,0
"LLALLI",6026924.48,8187702.75,0,1000,0
"MACARI",10137479.06,7131653.11,0,670,0
"NUÑOA",25791020.09,24447900.03,0,1790,0
"ORURILLO",7064943.82,7238524.79,0,1500,1
"SANTA ROSA",13243636.87,11871928.41,0,1100,0
"UMACHIRI",3425798.57,3796332.59,0,400,0
"MOHO",13681809.64,13322665.03,1,1830,0
"CONIMA",2207084.72,1946769.24,0,400,0
"HUAYRAPATA",2446660.88,2449969.26,0,200,0
"TILALI",1642743.62,3815872.36,0,25,0
"PUTINA",30219699.7,31126570.65,3,6000,0
"ANANEA",20079785.03,17394608.46,12,6500,3
"PEDRO VILCA APAZA",4287880.03,3794365.59,0,271,0
"QUILCAPUNCU",6722549.64,4858519.08,0,750,0
"SINA",7409920.8,7086118.27,0,150,0
"JULIACA",123316609.56,106927765.85,232,271000,0
"CABANA",6440420.11,6282597.85,0,590,0
"CABANILLAS",8175031.83,4564245.82,0,811,0
"CARACOTO",12505920.08,11024584.13,4,4500,1
"SAN MIGUEL",21122131.44,18842194.32,0,35000,0
"SANDIA",31741540.82,35978076.25,0,5600,14
"CUYOCUYO",4275588.48,4241655.23,0,350,0
"LIMBANI",5240460.36,3323994.9,2,500,0
"PATAMBUCO",10405660.89,3651097.85,0,145,0
"PHARA",10758252.67,12169238.94,0,2000,0
"QUIACA",7647814.21,5744372.23,0,206,0
"SAN JUAN DEL ORO",9304287.67,8853683.96,3,1500,0
"YANAHUAYA",4036397.7,3752262.25,0,709,0
"ALTO INAMBARI",9062772.03,7255277.73,0,335,0
"SAN PEDRO DE PUTINA PUNCO",23845583.48,21171714.1,4,1890,2
"YUNGUYO",29315542.79,19695068.38,0,4070,1
"ANAPIA",1786488.97,1908220.95,2,450,2
"COPANI",3641625.69,3703890.07,0,540,0
"CUTURAPI",1120133.71,1210135.08,1,80,0
"OLLARAYA",3271537.12,3308005.47,0,200,0
"TINICACHI",1322127.33,976469.17,0,50,0
"UNICACHI",1654176.85,1768173.33,2,13798.4666666667,1
"MOYOBAMBA",94183379.76,65031725.57,62,66000,8
"CALZADA",5708416.98,5418595.8,2,1524,0
"HABANA",2086885.9,2061753.02,0,3580,0
"JEPELACIO",25723391.34,23999711.3,0,3428,0
"SORITOR",21733805.31,26820174.17,0,12000,0
"YANTALO",2255051.91,2301010.92,0,2500,1
"BELLAVISTA",21212214.64,23767829.34,15,9000,6
"ALTO BIAVO",11112531.22,10471191.72,0,1039,0
"BAJO BIAVO",12557021.45,10508716.24,0,2500,2
"HUALLAGA",15275468.17,15035164.96,0,723,0
"SAN PABLO",4198178.04,5072729.73,0,2100,1
"SAN RAFAEL",3490585.79,3293362.79,0,6500,0
"SAN JOSE DE SISA",17962493.05,19522839.57,4,14706,3
"AGUA BLANCA",9983234.58,9909174.21,0,500,0
"SAN MARTIN",9753603.52,13011288.11,0,1600,0
"SANTA ROSA",5568212.04,5664276.38,0,5000,0
"SHATOJA",18005190.71,17889650.15,2,700,0
"SAPOSOA",14952162.09,19583053.11,1,6000,0
"ALTO SAPOSOA",3909077.09,3009663.4,6,3400,1
"EL ESLABON",4646380.82,2837590.54,2,2000,0
"PISCOYACU",4679717.92,4266600.52,0,2500,0
"SACANCHE",2225682.46,2016151.15,0,1500,0
"TINGO DE SAPOSOA",986092.56,907916.56,3,6000,0
"LAMAS",25456828.6,30168104.66,3,15000,0
"ALONSO DE ALVARADO",9150861.28,7986783.83,2,5000,0
"BARRANQUITA",3462117.58,5963568.8,0,3000,0
"CAYNARACHI",7370884.66,7643976.68,0,8000,1
"CUÑUMBUQUI",3356003,3036704.55,1,750,0
"PINTO RECODO",6426914.55,6762228.69,0,1800,0
"RUMISAPA",1722784.84,2414514.07,0,5714,0
"SAN ROQUE DE CUMBAZA",2268763.08,2249012.23,0,50,0
"SHANAO",1957283.12,1883451.12,0,1000,0
"TABALOSOS",5948501,5887463.83,4,10000,0
"ZAPATERO",4069573.28,4033546.78,0,2000,0
"JUANJUI",20401187.07,27804676.56,19,22000,0
"CAMPANILLA",5329029.02,5282412.93,0,3000,0
"HUICUNGO",4800366.72,4568737.2,0,2000,0
"PACHIZA",3433676.77,3289340.23,0,3500,0
"PAJARILLO",3427258.2,3671567.44,0,2000,0
"PICOTA",43558332.29,31221665.59,5,10000,5
"BUENOS AIRES",7881933.27,7814167.99,0,2500,0
"CASPISAPA",4163482.48,4142444.55,3,1602,0
"PILLUANA",16365356.32,16844628.2,0,360,0
"PUCACACA",1385661.74,2105207.45,0,1000,0
"SAN CRISTOBAL",4126360.39,4153653.1,0,300,0
"SAN HILARION",2548796.24,2574055.48,2,2421,0
"SHAMBOYACU",5443571.48,5447093.3,0,1000,0
"TINGO DE PONASA",7923614.64,8066303.18,0,650,0
"TRES UNIDOS",4093479.32,4257539.46,0,4000,0
"RIOJA",39900670.81,29761822.98,26,18000,16
"AWAJUN",7046051.04,5647921.68,0,2000,2
"ELIAS SOPLIN VARGAS",9632487.2,8801236.36,0,9850,0
"NUEVA CAJAMARCA",102688777.38,102048342.95,16,26200,7
"PARDO MIGUEL",17817423.75,16307610.73,4,7325,10
"POSIC",1862806.52,1601364.42,0,900,0
"SAN FERNANDO",2882291.32,2672823.51,1,1500,0
"YORONGOS",3036621.09,3196307.57,0,3011,0
"YURACYACU",7047189.22,7562883.03,0,1600,0
"TARAPOTO",58782630.55,57760777.89,97,150000,22
"ALBERTO LEVEAU",989709.5,959150.56,1,500,0
"CACATACHI",12530013.18,12392832.13,0,3121,0
"CHAZUTA",7365393.07,9369023.75,0,2000,0
"CHIPURANA",1126348.04,1214444.05,0,1100,0
"EL PORVENIR",1315524.91,1330465.5,0,500,0
"HUIMBAYOC",2167343,2418124.44,0,3000,0
"JUAN GUERRA",1742096.17,3258909.78,0,1115,0
"LA BANDA DE SHILCAYO",17826089.77,17996093.67,9,33600,0
"MORALES",28651411.16,28027418.76,0,64980,1
"PAPAPLAYA",1353662.11,1377476.65,0,500,0
"SAN ANTONIO",10810957.51,13543602.52,0,1500,0
"SAUCE",11059711.6,11262502.6,0,5000,0
"SHAPAJA",2067969.61,1500721.21,0,1200,0
"TOCACHE",37995575.52,33759042.31,28,28112,13
"NUEVO PROGRESO",11898835.81,11297800.43,0,4000,0
"POLVORA",8649430.96,8802484.13,2,450,0
"SHUNTE",2532329.14,3539570.07,0,40,0
"UCHIZA",12192878.56,13031632.13,6,7000,0
"TACNA",159599304.68,114102809.28,33,102235,0
"ALTO DE LA ALIANZA",48073373.72,29601274.71,7,26580,0
"CALANA",7035433.61,5500879.92,3,7110,0
"CIUDAD NUEVA",36516044.3,27418107.94,15,12500,0
"INCLAN",16394861.83,11966908.09,5,720,3
"PACHIA",7166852.33,5309376.75,5,450,0
"PALCA",10755564.13,9000520.58,0,90,0
"POCOLLAY",28114047.86,25617777.79,3,15000,0
"SAMA",15329327.96,9672078.5,1,700,3
"CORONEL GREGORIO ALBARRACIN LANCHIPA",200995108.97,114845565.43,86,81222,3
"LA YARADA LOS PALOS",28938387.08,19086127.7,1,3314,0
"CANDARAVE",15891276.99,12667317.69,0,300,0
"CAIRANI",10377058.12,9813687.88,0,200,0
"CAMILACA",20740557.29,11933068.56,0,1000,0
"CURIBAYA",3540774.3,2880374.11,0,60,0
"HUANUARA",2452221.91,1771638.12,0,500,0
"QUILAHUANI",7357699.2,6819105.3,0,285,0
"LOCUMBA",105662830.83,58611899.63,0,2500,0
"ILABAYA",186633925.05,129374269.04,0,2491,0
"ITE",83101910.06,50561217.07,0,2000,0
"TARATA",14093673.48,12802890.65,0,1052,0
"HEROES ALBARRACIN",7927585.69,7406411.74,0,100,0
"ESTIQUE",1515343.31,1373540.69,0,35,0
"ESTIQUE-PAMPA",1031920.45,980341.98,0,400,0
"SITAJARA",2446091.84,1555121.48,0,40,0
"SUSAPAYA",3097441.37,1845397.17,0,70,0
"TARUCACHI",2532402.77,2122859.66,0,50,0
"TICACO",4168899.32,3881264.93,3,1550,0
"TUMBES",100568235.67,86276322.85,290,90000,0
"CORRALES",21047369.27,19769265.35,24,12000,6
"LA CRUZ",4229483.28,4120589.59,5,2500,11
"PAMPAS DE HOSPITAL",4759070.92,3781285.54,17,3000,0
"SAN JACINTO",9767262.5,8119504.29,11,5000,0
"SAN JUAN DE LA VIRGEN",2155227.4,1743603.06,1,4000,0
"ZORRITOS",35261629.93,23903296.79,22,31000,28
"CASITAS",9917331.41,8661463.37,0,500,0
"CANOAS DE PUNTA SAL",32088159.82,14119507.58,5,6500,0
"ZARUMILLA",42872186.82,31005497.34,9,24000,7
"AGUAS VERDES",25159738.35,18412872.56,0,19000,11
"MATAPALO",11636700.83,6686775.95,0,510,0
"PAPAYAL",6945220.16,5315674.31,2,2500,0
"CALLERIA",179874340.9,144880313.36,116,191000,87
"CAMPOVERDE",21226786.84,26029948.55,12,15000,5
"IPARIA",9967570.56,8520530.94,0,900,2
"MASISEA",13839605,12516514.87,0,260,0
"YARINACOCHA",42923561.73,31549472.55,54,95000,0
"NUEVA REQUENA",5891285.76,5298413.27,2,3400,0
"MANANTAY",36907723.79,36287863.64,10,64000,0
"RAIMONDI",85248020.04,54378995.4,68,22158,0
"SEPAHUA",17935427.79,15304550.24,1,3500,0
"TAHUANIA",18685636.8,14402740.92,0,1210,0
"YURUA",10729639.34,10544045.67,0,300,0
"PADRE ABAD",33794560.45,33655228.27,0,20821,1
"IRAZOLA",9149578.11,8705528.29,0,5000,0
"CURIMANA",13139854.58,12214407.65,2,6000,2
"NESHUYA",9829463.3,9497257.41,0,3900,0
"ALEXANDER VON HUMBOLDT",4534922.58,3911376.27,0,5000,0
"PURUS",8185867.56,7116701.83,7,350,10
